ndc,description,chemo_type
00002105202,DIETHYLSTILBESTROL,R
00002105402,DIETHYLSTILBESTROL,R
00002145201,VINBLASTINE SULFATE,O
00002145501,VINCRISTINE SULFATE,O
00002145601,VINCRISTINE SULFATE,O
00002719401,VINCRISTINE SULFATE,O
00002719501,VINCRISTINE SULFATE,O
00002719601,VINCRISTINE SULFATE,O
00002719809,VINCRISTINE SULFATE,O
00002719900,VINCRISTINE SULFATE,O
00002719909,VINCRISTINE SULFATE,O
00002750101,GEMCITABINE HCL,O
00002750201,GEMCITABINE HCL,O
00002762301,PEMETREXED DISODIUM,O
00002764001,PEMETREXED DISODIUM,O
00003052411,DASATINIB,O
00003052711,DASATINIB,O
00003052811,DASATINIB,O
00003057340,FLUOXYMESTERONE,R
00003069050,TESTOLACTONE,R
00003083050,HYDROXYUREA,O
00003633517,HYDROXYUREA,O
00003633617,HYDROXYUREA,O
00003633717,HYDROXYUREA,O
00004005301,PROCARBAZINE HCL,O
00004013202,ESTRAMUSTINE PHOSPHATE SODIUM,R
00004025001,TRETINOIN,O
00004110020,CAPECITABINE,O
00004110051,CAPECITABINE,O
00004110116,CAPECITABINE,O
00004110150,CAPECITABINE,O
00004150603,FLUOROURACIL,O
00004170406,FLUOROURACIL,O
00004170506,FLUOROURACIL,O
00004193508,FLOXURIDINE,O
00004197701,FLUOROURACIL,O
00004198709,"INTERFERON ALFA-2A,RECOMB.",I
00004198809,"INTERFERON ALFA-2A,RECOMB.",I
00004199309,"INTERFERON ALFA-2A,RECOMB.",I
00004200509,"INTERFERON ALFA-2A,RECOMB.",I
00004200709,"INTERFERON ALFA-2A,RECOMB.",I
00004200909,"INTERFERON ALFA-2A,RECOMB.",I
00004201009,"INTERFERON ALFA-2A,RECOMB.",I
00004201109,"INTERFERON ALFA-2A,RECOMB.",I
00004201209,"INTERFERON ALFA-2A,RECOMB.",I
00004201507,"INTERFERON ALFA-2A,RECOMB.",I
00004201509,"INTERFERON ALFA-2A,RECOMB.",I
00004201607,"INTERFERON ALFA-2A,RECOMB.",I
00004201609,"INTERFERON ALFA-2A,RECOMB.",I
00004201707,"INTERFERON ALFA-2A,RECOMB.",I
00004201709,"INTERFERON ALFA-2A,RECOMB.",I
00004690009,"INTERFERON ALFA-2A,RECOMB.",I
00004690033,"INTERFERON ALFA-2A,RECOMB.",I
00005450164,LEUCOVORIN CALCIUM,O
00005450183,LEUCOVORIN CALCIUM,O
00005450190,LEUCOVORIN CALCIUM,O
00005450704,METHOTREXATE SODIUM,O
00005450705,METHOTREXATE SODIUM,O
00005450707,METHOTREXATE SODIUM,O
00005450709,METHOTREXATE SODIUM,O
00005450723,METHOTREXATE SODIUM,O
00005450791,METHOTREXATE SODIUM,O
00005452564,LEUCOVORIN CALCIUM,O
00005452583,LEUCOVORIN CALCIUM,O
00005452590,LEUCOVORIN CALCIUM,O
00005453623,LEUCOVORIN CALCIUM,O
00005453638,LEUCOVORIN CALCIUM,O
00005453640,LEUCOVORIN CALCIUM,O
00005465091,THIOTEPA,O
00005465490,METHOTREXATE SODIUM,O
00005533092,LEUCOVORIN CALCIUM,O
00005939334,MITOXANTRONE HCL,O
00005939336,MITOXANTRONE HCL,O
00005939372,MITOXANTRONE HCL,O
00006056840,VORINOSTAT,O
00006329822,DACTINOMYCIN,O
00006461200,ASPARAGINASE,O
00006775331,MECHLORETHAMINE HCL,O
00007326031,TOSITUMOMAB,O
00007326036,TOSITUMOMAB,O
00007326101,TOSITUMOMAB IODINE-131,O
00007326201,TOSITUMOMAB IODINE-131,O
00007420101,TOPOTECAN HCL,O
00007420105,TOPOTECAN HCL,O
00007420511,TOPOTECAN HYDROCHLORIDE,O
00007420711,TOPOTECAN HYDROCHLORIDE,O
00007440101,NELARABINE,O
00007440106,NELARABINE,O
00008117901,TEMSIROLIMUS,O
00008117905,TEMSIROLIMUS,O
00008415501,DAUNORUBICIN HCL,A
00008415502,DAUNORUBICIN HCL,A
00008451001,GEMTUZUMAB OZOGAMICIN,O
00009001401,FLUOXYMESTERONE,R
00009001906,FLUOXYMESTERONE,R
00009003604,FLUOXYMESTERONE,H
00009005002,MEDROXYPROGESTERONE ACET,R
00009005009,MEDROXYPROGESTERONE ACET,R
00009005011,MEDROXYPROGESTERONE ACET,R
00009006404,MEDROXYPROGESTERONE ACET,R
00009006406,MEDROXYPROGESTERONE ACET,R
00009028603,MEDROXYPROGESTERONE ACET,R
00009028632,MEDROXYPROGESTERONE ACET,R
00009037301,CYTARABINE,O
00009047301,CYTARABINE,O
00009062601,MEDROXYPROGESTERONE ACET,R
00009062602,MEDROXYPROGESTERONE ACET,R
00009074630,MEDROXYPROGESTERONE ACET,R
00009074635,MEDROXYPROGESTERONE ACET,R
00009084401,STREPTOZOCIN,O
00009094901,URACIL MUSTARD,O
00009306301,CYTARABINE,O
00009307001,CYTARABINE,O
00009329501,CYTARABINE,O
00009329601,CYTARABINE,O
00009470901,MEDROXYPROGESTERONE ACET,R
00009509101,EPIRUBICIN HCL,A
00009509301,EPIRUBICIN HCL,A
00009521501,TRIPTORELIN PAMOATE,R
00009521601,TRIPTORELIN PAMOATE,R
00009521901,TRIPTORELIN PAMOATE,R
00009737601,MEDROXYPROGESTERONE ACET,R
00009737602,MEDROXYPROGESTERONE ACET,R
00009737603,MEDROXYPROGESTERONE ACET,R
00009737604,MEDROXYPROGESTERONE ACET,R
00009752901,IRINOTECAN HCL,O
00009752902,IRINOTECAN HCL,O
00009766304,EXEMESTANE,R
00009766401,TRIPTORELIN PAMOATE,R
00013013202,ESTRAMUSTINE PHOSPHATE SODIUM,R
00013100691,DOXORUBICIN HCL,A
00013101679,DOXORUBICIN HCL,A
00013103691,FLUOROURACIL,O
00013103695,FLUOROURACIL,O
00013104694,FLUOROURACIL,O
00013105694,FLUOROURACIL,O
00013107694,DOXORUBICIN HCL,A
00013108691,DOXORUBICIN HCL,A
00013109691,DOXORUBICIN HCL,A
00013109694,DOXORUBICIN HCL,A
00013110679,DOXORUBICIN HCL,A
00013111683,DOXORUBICIN HCL,A
00013113691,DOXORUBICIN HCL,A
00013114691,DOXORUBICIN HCL,A
00013114694,DOXORUBICIN HCL,A
00013115679,DOXORUBICIN HCL,A
00013116683,DOXORUBICIN HCL,A
00013117687,DOXORUBICIN HCL,A
00013123691,DOXORUBICIN HCL,A
00013124691,DOXORUBICIN HCL,A
00013125679,DOXORUBICIN HCL,A
00013126683,DOXORUBICIN HCL,A
00013128683,DOXORUBICIN HCL,A
00013161678,BLEOMYCIN SULFATE,O
00013163686,BLEOMYCIN SULFATE,O
00013220001,IDARUBICIN HCL,A
00013220101,IDARUBICIN HCL,A
00013220201,IDARUBICIN HCL,A
00013226686,METHOTREXATE SODIUM/PF,O
00013226691,METHOTREXATE SODIUM/PF,O
00013227686,METHOTREXATE SODIUM/PF,O
00013227691,METHOTREXATE SODIUM/PF,O
00013228686,METHOTREXATE SODIUM/PF,O
00013228691,METHOTREXATE SODIUM/PF,O
00013229686,METHOTREXATE SODIUM/PF,O
00013229691,METHOTREXATE SODIUM/PF,O
00013250694,IDARUBICIN HCL,A
00013251686,IDARUBICIN HCL,A
00013252686,IDARUBICIN HCL,A
00013253678,IDARUBICIN HCL,A
00013254686,IDARUBICIN HCL,A
00013255667,IDARUBICIN HCL,A
00013257691,IDARUBICIN HCL,A
00013258691,IDARUBICIN HCL,A
00013259691,IDARUBICIN HCL,A
00013560693,CYCLOPHOSPHAMIDE,O
00013561693,CYCLOPHOSPHAMIDE,O
00013562693,CYCLOPHOSPHAMIDE,O
00013563670,CYCLOPHOSPHAMIDE,O
00013563673,CYCLOPHOSPHAMIDE,O
00013564670,CYCLOPHOSPHAMIDE,O
00013709173,CYTARABINE,O
00013710678,CYTARABINE,O
00013733691,ETOPOSIDE,O
00013734694,ETOPOSIDE,O
00013735688,ETOPOSIDE,O
00013737686,VINBLASTINE SULFATE,O
00013742686,VINCRISTINE SULFATE,O
00013743686,VINCRISTINE SULFATE,O
00013744686,VINCRISTINE SULFATE,O
00013745686,VINCRISTINE SULFATE,O
00013746686,VINCRISTINE SULFATE,O
00013871562,DEXRAZOXANE,O
00013872589,DEXRAZOXANE,O
00015050041,CYCLOPHOSPHAMIDE,O
00015050141,CYCLOPHOSPHAMIDE,O
00015050241,CYCLOPHOSPHAMIDE,O
00015050301,CYCLOPHOSPHAMIDE,O
00015050302,CYCLOPHOSPHAMIDE,O
00015050303,CYCLOPHOSPHAMIDE,O
00015050348,CYCLOPHOSPHAMIDE,O
00015050401,CYCLOPHOSPHAMIDE,O
00015050541,CYCLOPHOSPHAMIDE,O
00015050641,CYCLOPHOSPHAMIDE,O
00015050842,MEGESTROL ACETATE,R
00015053941,CYCLOPHOSPHAMIDE,O
00015054641,CYCLOPHOSPHAMIDE,O
00015054712,CYCLOPHOSPHAMIDE,O
00015054741,CYCLOPHOSPHAMIDE,O
00015054812,CYCLOPHOSPHAMIDE,O
00015054841,CYCLOPHOSPHAMIDE,O
00015054912,CYCLOPHOSPHAMIDE,O
00015054941,CYCLOPHOSPHAMIDE,O
00015055605,IFOSFAMIDE,O
00015055611,IFOSFAMIDE,O
00015055641,IFOSFAMIDE,O
00015055711,IFOSFAMIDE,O
00015055741,IFOSFAMIDE,O
00015059501,MEGESTROL ACETATE,R
00015059641,MEGESTROL ACETATE,R
00015059645,MEGESTROL ACETATE,R
00015059646,MEGESTROL ACETATE,R
00015191012,IXABEPILONE,O
00015191113,IXABEPILONE,O
00015300120,MITOMYCIN,O
00015300197,MITOMYCIN,O
00015300220,MITOMYCIN,O
00015300222,MITOMYCIN,O
00015300620,METHOTREXATE SODIUM,O
00015300697,METHOTREXATE SODIUM,O
00015300720,METHOTREXATE SODIUM,O
00015300797,METHOTREXATE SODIUM,O
00015300820,METHOTREXATE SODIUM,O
00015300897,METHOTREXATE SODIUM,O
00015301020,BLEOMYCIN SULFATE,O
00015301026,BLEOMYCIN SULFATE,O
00015301097,BLEOMYCIN SULFATE,O
00015301218,CARMUSTINE,O
00015301238,CARMUSTINE,O
00015301260,BICNU (W/DILUENT) 100 MG,O
00015301297,CARMUSTINE,O
00015303020,LOMUSTINE,O
00015303120,LOMUSTINE,O
00015303220,LOMUSTINE,O
00015303410,LOMUSTINE,O
00015305020,METHOTREXATE SODIUM,O
00015305097,METHOTREXATE SODIUM,O
00015305920,MITOMYCIN,O
00015306120,ETOPOSIDE,O
00015306124,ETOPOSIDE,O
00015306220,ETOPOSIDE,O
00015306224,ETOPOSIDE,O
00015306301,BLEOMYCIN SULFATE,O
00015306326,BLEOMYCIN SULFATE,O
00015307519,TENIPOSIDE,O
00015307597,TENIPOSIDE,O
00015308060,MITOTANE,R
00015308420,ETOPOSIDE,O
00015309145,ETOPOSIDE,O
00015309520,ETOPOSIDE,O
00015309530,ETOPOSIDE,O
00015309595,ETOPOSIDE,O
00015321030,CARBOPLATIN,O
00015321076,CARBOPLATIN,O
00015321130,CARBOPLATIN,O
00015321176,CARBOPLATIN,O
00015321230,CARBOPLATIN,O
00015321276,CARBOPLATIN,O
00015321329,CARBOPLATIN,O
00015321330,CARBOPLATIN,O
00015321429,CARBOPLATIN,O
00015321430,CARBOPLATIN,O
00015321529,CARBOPLATIN,O
00015321530,CARBOPLATIN,O
00015321630,CARBOPLATIN,O
00015322022,CISPLATIN,O
00015322026,CISPLATIN,O
00015322097,CISPLATIN,O
00015322122,CISPLATIN,O
00015322126,CISPLATIN,O
00015322197,CISPLATIN,O
00015323011,CARBOPLATIN,O
00015323111,CARBOPLATIN,O
00015323211,CARBOPLATIN,O
00015323311,CARBOPLATIN,O
00015335122,DOXORUBICIN HCL,A
00015335222,DOXORUBICIN HCL,A
00015335322,DOXORUBICIN HCL,A
00015340420,ETOPOSIDE PHOSPHATE,O
00015345620,"PACLITAXEL,SEMI-SYNTHETIC",O
00015345699,"PACLITAXEL,SEMI-SYNTHETIC",O
00015347520,"PACLITAXEL,SEMI-SYNTHETIC",O
00015347527,"PACLITAXEL,SEMI-SYNTHETIC",O
00015347530,"PACLITAXEL,SEMI-SYNTHETIC",O
00015347620,"PACLITAXEL,SEMI-SYNTHETIC",O
00015347627,"PACLITAXEL,SEMI-SYNTHETIC",O
00015347630,"PACLITAXEL,SEMI-SYNTHETIC",O
00015347911,"PACLITAXEL,SEMI-SYNTHETIC",O
00015355410,IFOSFAMIDE/MESNA,O
00015355427,IFOSFAMIDE/MESNA,O
00015355610,IFOSFAMIDE/MESNA,O
00015355626,IFOSFAMIDE/MESNA,O
00015356410,IFOSFAMIDE/MESNA,O
00015356415,IFOSFAMIDE/MESNA,O
00015356512,MESNA,O
00015360160,MEGESTROL ACETATE,R
00015360260,MEGESTROL ACETATE,R
00016013202,ESTRAMUSTINE PHOSPHATE SODIUM,R
00023081230,FLUOROURACIL,O
00024022205,LEUPROLIDE ACETATE,R
00024030306,DANAZOL,H
00024030406,DANAZOL,H
00024030506,DANAZOL,H
00024059010,OXALIPLATIN,O
00024059120,OXALIPLATIN,O
00024059240,OXALIPLATIN,O
00024059602,OXALIPLATIN,O
00024059704,OXALIPLATIN,O
00024059707,LEUPROLIDE ACETATE,R
00024059722,LEUPROLIDE ACETATE,R
00024060545,LEUPROLIDE ACETATE,R
00024061030,LEUPROLIDE ACETATE,R
00024079375,LEUPROLIDE ACETATE,R
00024582005,OFORTA (INNER PACK) 10 MG,O
00024582020,"OFORTA (4X5 STRIP,FILM COATED) 10 MG",O
00026813120,DIETHYLSTILBESTROL DIPHOS,R
00026815110,DACARBAZINE,O
00026815120,DACARBAZINE,O
00026816115,PLICAMYCIN,O
00026848858,SORAFENIB TOSYLATE,O
00026971101,LEUPROLIDE/LIDOCAINE HCL,R
00038060025,TAMOXIFEN CITRATE,R
00038060060,TAMOXIFEN CITRATE,R
00047010824,MEGESTROL ACETATE,R
00047087419,MEDROXYPROGESTERONE ACET,R
00052060101,BCG VACCINE,I
00052060202,BCG LIVE,I
00052060302,BCG LIVE,I
00054224725,HYDROXYUREA,O
00054354258,MEGESTROL ACETATE,R
00054412925,CYCLOPHOSPHAMIDE,O
00054413025,CYCLOPHOSPHAMIDE,O
00054449613,LEUCOVORIN CALCIUM,O
00054449625,LEUCOVORIN CALCIUM,O
00054449705,LEUCOVORIN CALCIUM,O
00054449710,LEUCOVORIN CALCIUM,O
00054449805,LEUCOVORIN CALCIUM,O
00054449810,LEUCOVORIN CALCIUM,O
00054449911,LEUCOVORIN CALCIUM,O
00054455015,METHOTREXATE SODIUM,O
00054455025,METHOTREXATE SODIUM,O
00054458111,MERCAPTOPURINE,O
00054458127,MERCAPTOPURINE,O
00054460325,MEGESTROL ACETATE,R
00054460425,MEGESTROL ACETATE,R
00054483121,TAMOXIFEN CITRATE,R
00054483126,TAMOXIFEN CITRATE,R
00054483413,TAMOXIFEN CITRATE,R
00054483422,TAMOXIFEN CITRATE,R
00054808925,CYCLOPHOSPHAMIDE,O
00054813025,CYCLOPHOSPHAMIDE,O
00054824725,HYDROXYUREA,O
00054849619,LEUCOVORIN CALCIUM,O
00054849706,LEUCOVORIN CALCIUM,O
00054849806,LEUCOVORIN CALCIUM,O
00054849906,LEUCOVORIN CALCIUM,O
00054855003,METHOTREXATE SODIUM,O
00054855005,METHOTREXATE SODIUM/PF,O
00054855006,METHOTREXATE SODIUM,O
00054855007,METHOTREXATE SODIUM,O
00054855010,METHOTREXATE SODIUM,O
00054855025,METHOTREXATE SODIUM,O
00054860325,MEGESTROL ACETATE,R
00054860425,MEGESTROL ACETATE,R
00054883125,TAMOXIFEN CITRATE,R
00054883425,TAMOXIFEN CITRATE,R
00066715030,FLUOROURACIL,O
00069055030,SUNITINIB MALATE,O
00069055038,SUNITINIB MALATE,O
00069077030,SUNITINIB MALATE,O
00069077038,SUNITINIB MALATE,O
00069098030,SUNITINIB MALATE,O
00069098038,SUNITINIB MALATE,O
00071424301,PENTOSTATIN,O
00074148501,ETOPOSIDE,O
00074148502,ETOPOSIDE,O
00074148503,ETOPOSIDE,O
00074433501,"PACLITAXEL,SEMI-SYNTHETIC",O
00074433502,"PACLITAXEL,SEMI-SYNTHETIC",O
00074433504,"PACLITAXEL,SEMI-SYNTHETIC",O
00074454102,LEUCOVORIN CALCIUM,O
00074454104,LEUCOVORIN CALCIUM,O
00074503203,DAUNORUBICIN HCL,A
00074504001,DOXORUBICIN HCL,A
00074504303,DOXORUBICIN HCL,A
00074504601,DOXORUBICIN HCL,A
00074507501,DACARBAZINE,O
00074507503,DACARBAZINE,O
00074514001,LEUCOVORIN CALCIUM,O
00074514501,LEUCOVORIN CALCIUM,O
00074564301,ETOPOSIDE,O
00074564601,ETOPOSIDE,O
00074565301,ETOPOSIDE,O
00074565601,ETOPOSIDE,O
00074565701,ETOPOSIDE,O
00074566701,ETOPOSIDE,O
00075064005,PEGASPARGASE,O
00075800120,DOCETAXEL,O
00075800180,DOCETAXEL,O
00075999508,CARMUSTINE/POLIFEPROSAN 20,O
00078024915,LETROZOLE,R
00078037366,IMATINIB MESYLATE,O
00078040105,IMATINIB MESYLATE,O
00078040134,IMATINIB MESYLATE,O
00078040215,IMATINIB MESYLATE,O
00078043815,IMATINIB MESYLATE,O
00078049561,ALDESLEUKIN,I
00078052651,NILOTINIB HYDROCHLORIDE,O
00078052687,NILOTINIB HYDROCHLORIDE,O
00078056651,EVEROLIMUS,O
00078056751,EVEROLIMUS,O
00081004535,MELPHALAN,O
00081013093,MELPHALAN HCL,O
00081039001,FLUOROURACIL,O
00081039003,FLUOROURACIL,O
00081063120,LEUCOVORIN CALCIUM,O
00081063135,LEUCOVORIN CALCIUM,O
00081063155,LEUCOVORIN CALCIUM,O
00081063213,LEUCOVORIN CALCIUM,O
00081063225,LEUCOVORIN CALCIUM,O
00081063535,CHLORAMBUCIL,O
00081063793,LEUCOVORIN CALCIUM,O
00081063893,LEUCOVORIN CALCIUM,O
00081065601,VINORELBINE TARTRATE,O
00081065644,VINORELBINE TARTRATE,O
00081071325,BUSULFAN,O
00081080725,MERCAPTOPURINE,O
00081080765,MERCAPTOPURINE,O
00081088025,THIOGUANINE,O
00082415501,DAUNORUBICIN HCL,A
00083002430,AMINOGLUTETHIMIDE,R
00085012002,"INTERFERON ALFA-2B,RECOMB.",I
00085012003,"INTERFERON ALFA-2B,RECOMB.",I
00085012004,"INTERFERON ALFA-2B,RECOMB.",I
00085012005,"INTERFERON ALFA-2B,RECOMB.",I
00085028502,"INTERFERON ALFA-2B,RECOMB.",I
00085052503,FLUTAMIDE,R
00085052504,FLUTAMIDE,R
00085052505,FLUTAMIDE,R
00085052506,FLUTAMIDE,R
00085053901,"INTERFERON ALFA-2B,RECOMB.",I
00085057102,"INTERFERON ALFA-2B,RECOMB.",I
00085057106,"INTERFERON ALFA-2B,RECOMB.",I
00085064703,"INTERFERON ALFA-2B,RECOMB.",I
00085064704,"INTERFERON ALFA-2B,RECOMB.",I
00085064705,"INTERFERON ALFA-2B,RECOMB.",I
00085068901,"INTERFERON ALFA-2B,RECOMB.",I
00085095301,"INTERFERON ALFA-2B,RECOMB.",I
00085111001,"INTERFERON ALFA-2B,RECOMB.",I
00085112601,TOREMIFENE CITRATE,R
00085112602,TOREMIFENE CITRATE,R
00085113301,"INTERFERON ALFA-2B,RECOMB.",I
00085116801,"INTERFERON ALFA-2B,RECOMB.",I
00085117901,"INTERFERON ALFA-2B,RECOMB.",I
00085117902,"INTERFERON ALFA-2B,RECOMB.",I
00085118401,"INTERFERON ALFA-2B,RECOMB.",I
00085118402,"INTERFERON ALFA-2B,RECOMB.",I
00085119101,"INTERFERON ALFA-2B,RECOMB.",I
00085119102,"INTERFERON ALFA-2B,RECOMB.",I
00085123501,"INTERFERON ALFA-2B,RECOMB.",I
00085124201,"INTERFERON ALFA-2B,RECOMB.",I
00085124401,TEMOZOLOMIDE,O
00085124402,TEMOZOLOMIDE,O
00085124801,TEMOZOLOMIDE,O
00085124802,TEMOZOLOMIDE,O
00085124803,TEMOZOLOMIDE,O
00085125201,TEMOZOLOMIDE,O
00085125202,TEMOZOLOMIDE,O
00085125401,"INTERFERON ALFA-2B,RECOMB.",I
00085125901,TEMOZOLOMIDE,O
00085125902,TEMOZOLOMIDE,O
00085136601,TEMOZOLOMIDE,O
00085136602,TEMOZOLOMIDE,O
00085141701,TEMOZOLOMIDE,O
00085142501,TEMOZOLOMIDE,O
00085142502,TEMOZOLOMIDE,O
00085143001,TEMOZOLOMIDE,O
00085143002,TEMOZOLOMIDE,O
00085151901,TEMOZOLOMIDE,O
00085151902,TEMOZOLOMIDE,O
00085300401,TEMOZOLOMIDE,O
00085300402,TEMOZOLOMIDE,O
00086004905,MEDROXYPROGESTERONE ACETATE,R
00087050001,CYCLOPHOSPHAMIDE,O
00087050041,CYCLOPHOSPHAMIDE,O
00087050101,CYCLOPHOSPHAMIDE,O
00087050141,CYCLOPHOSPHAMIDE,O
00087050201,CYCLOPHOSPHAMIDE,O
00087050241,CYCLOPHOSPHAMIDE,O
00087050301,CYCLOPHOSPHAMIDE,O
00087050302,CYCLOPHOSPHAMIDE,O
00087050303,CYCLOPHOSPHAMIDE,O
00087050401,CYCLOPHOSPHAMIDE,O
00087050541,CYCLOPHOSPHAMIDE,O
00087050641,CYCLOPHOSPHAMIDE,O
00087054741,CYCLOPHOSPHAMIDE,O
00087059501,MEGESTROL ACETATE,R
00087059641,MEGESTROL ACETATE,R
00087059644,MEGESTROL ACETATE,R
00087059645,MEGESTROL ACETATE,R
00088111035,NILUTAMIDE,R
00088111114,NILUTAMIDE,R
00093064601,MEGESTROL ACETATE,R
00093064701,MEGESTROL ACETATE,R
00093067401,MEGESTROL ACETATE,R
00093078201,TAMOXIFEN CITRATE,R
00093078205,TAMOXIFEN CITRATE,R
00093078210,TAMOXIFEN CITRATE,R
00093078256,TAMOXIFEN CITRATE,R
00093078405,TAMOXIFEN CITRATE,R
00093078406,TAMOXIFEN CITRATE,R
00093078410,TAMOXIFEN CITRATE,R
00093078486,TAMOXIFEN CITRATE,R
00093090001,KETOCONAZOLE,R
00093513801,MEGESTROL ACETATE,R
00093551006,MERCAPTOPURINE,O
00093712005,FLUTAMIDE,R
00093712086,FLUTAMIDE,R
00093963487,MEGESTROL ACETATE,R
00094532553,METHOTREXATE SODIUM,O
00094532561,METHOTREXATE SODIUM,O
00094532569,METHOTREXATE SODIUM,O
00094534101,VINCRISTINE SULFATE,O
00094534201,VINCRISTINE SULFATE,O
00094534501,VINCRISTINE SULFATE,O
00121477610,MEGESTROL ACETATE,R
00172375377,"PACLITAXEL,SEMI-SYNTHETIC",O
00172375396,"PACLITAXEL,SEMI-SYNTHETIC",O
00172375473,"PACLITAXEL,SEMI-SYNTHETIC",O
00172375494,"PACLITAXEL,SEMI-SYNTHETIC",O
00172375531,"PACLITAXEL,SEMI-SYNTHETIC",O
00172375576,"PACLITAXEL,SEMI-SYNTHETIC",O
00172375675,"PACLITAXEL,SEMI-SYNTHETIC",O
00172375695,"PACLITAXEL,SEMI-SYNTHETIC",O
00172496058,FLUTAMIDE,R
00172496070,FLUTAMIDE,R
00172565649,TAMOXIFEN CITRATE,R
00172565658,TAMOXIFEN CITRATE,R
00172565670,TAMOXIFEN CITRATE,R
00172565680,TAMOXIFEN CITRATE,R
00172565746,TAMOXIFEN CITRATE,R
00172565755,TAMOXIFEN CITRATE,R
00172565760,TAMOXIFEN CITRATE,R
00172565770,TAMOXIFEN CITRATE,R
00172565780,TAMOXIFEN CITRATE,R
00173004535,MELPHALAN,O
00173013093,MELPHALAN HCL,O
00173063120,LEUCOVORIN CALCIUM,O
00173063135,LEUCOVORIN CALCIUM,O
00173063155,LEUCOVORIN CALCIUM,O
00173063225,LEUCOVORIN CALCIUM,O
00173063535,CHLORAMBUCIL,O
00173063893,LEUCOVORIN CALCIUM,O
00173065601,VINORELBINE TARTRATE,O
00173065644,VINORELBINE TARTRATE,O
00173071325,BUSULFAN,O
00173075200,LAPATINIB DITOSYLATE,O
00173080409,PAZOPANIB HCL,O
00173080725,MERCAPTOPURINE,O
00173080765,MERCAPTOPURINE,O
00173080802,OFATUMUMAB,O
00173088025,THIOGUANINE,O
00182119602,MEDROXYPROGESTERONE ACET,R
00182119619,MEDROXYPROGESTERONE ACET,R
00182153901,METHOTREXATE SODIUM,O
00182153989,METHOTREXATE SODIUM,O
00182153995,METHOTREXATE SODIUM,O
00182186301,MEGESTROL ACETATE,R
00182186389,MEGESTROL ACETATE,R
00182186400,MEGESTROL ACETATE,R
00182186401,MEGESTROL ACETATE,R
00182186489,MEGESTROL ACETATE,R
00182186901,LEUCOVORIN CALCIUM,O
00182186917,LEUCOVORIN CALCIUM,O
00182187024,LEUCOVORIN CALCIUM,O
00182306863,FLUOROURACIL,O
00182315499,LEUPROLIDE ACETATE,R
00185112505,FLUTAMIDE,R
00185112518,FLUTAMIDE,R
00185112588,FLUTAMIDE,R
00185740014,LEUPROLIDE ACETATE,R
00185740085,LEUPROLIDE ACETATE,R
00186142013,METHOTREXATE SODIUM/PF,O
00186142113,METHOTREXATE SODIUM/PF,O
00186142212,METHOTREXATE SODIUM/PF,O
00186142304,METHOTREXATE SODIUM/PF,O
00186153013,DOXORUBICIN HCL,A
00186153101,DOXORUBICIN HCL,A
00186153231,DOXORUBICIN HCL,A
00186153241,DOXORUBICIN HCL,A
00186153261,DOXORUBICIN HCL,A
00186153281,DOXORUBICIN HCL,A
00186157131,ETOPOSIDE,O
00186157512,DOXORUBICIN HCL,A
00187200601,"INFERGEN (1X0.5ML,PF) 30 MCG/ML",I
00187200605,"INFERGEN (6X0.5ML,PF) 30 MCG/ML",I
00187200702,"INFERGEN (1X0.3ML,PF) 30 MCG/ML",I
00187200706,"INFERGEN (6X0.3ML,PF) 30 MCG/ML",I
00187320202,FLUOROURACIL,O
00187320210,FLUOROURACIL,O
00187320302,FLUOROURACIL,O
00187320310,FLUOROURACIL,O
00187320426,FLUOROURACIL,O
00187320447,FLUOROURACIL,O
00187360060,FLUOROURACIL/ADHESIVE BANDAGE,O
00187395364,FLUOROURACIL,O
00205455626,METHOTREXATE SODIUM,O
00205464577,LEUCOVORIN CALCIUM,O
00205464694,LEUCOVORIN CALCIUM,O
00205465302,METHOTREXATE SODIUM/PF,O
00205465490,METHOTREXATE SODIUM/PF,O
00205532526,METHOTREXATE SODIUM/PF,O
00205532618,METHOTREXATE SODIUM/PF,O
00205532719,METHOTREXATE SODIUM/PF,O
00205532730,METHOTREXATE SODIUM/PF,O
00205533019,LEUCOVORIN CALCIUM,O
00205533092,LEUCOVORIN CALCIUM,O
00205533734,METHOTREXATE SODIUM/PF,O
00205533798,METHOTREXATE SODIUM/PF,O
00205533834,METHOTREXATE SODIUM,O
00205939334,MITOXANTRONE HCL,O
00205939336,MITOXANTRONE HCL,O
00205939372,MITOXANTRONE HCL,O
00209306022,ETOPOSIDE,O
00209307020,ETOPOSIDE,O
00209308020,ETOPOSIDE,O
00209309020,ETOPOSIDE,O
00247128910,ASPARAGINASE,O
00247139401,STREPTOZOCIN,O
00264151031,FLUOROURACIL  IVPB,O
00264151032,LEUCOVORIN IVPB,O
00264151036,FLUOROURACIL  IVPB,O
00264180032,DEXAMETHASONE IVPB,O
00264751000,FLUOROURACIL  IVPB,O
00264751010,FLUOROURACIL  IVPB,O
00264751020,FLUOROURACIL  IVPB,O
00300210601,LEUPROLIDE ACETATE,R
00300210801,LEUPROLIDE ACETATE,R
00300227001,LEUPROLIDE ACETATE,R
00300228201,LEUPROLIDE ACETATE,R
00300244001,LEUPROLIDE ACETATE,R
00300333601,LEUPROLIDE ACETATE,R
00300334601,LEUPROLIDE ACETATE,R
00300361224,LEUPROLIDE ACETATE,R
00300361228,LEUPROLIDE ACETATE,R
00300362624,LEUPROLIDE ACETATE,R
00300362628,LEUPROLIDE ACETATE,R
00300362630,LEUPROLIDE ACETATE,R
00300362901,LEUPROLIDE ACETATE,R
00300362906,LEUPROLIDE ACETATE,R
00300363901,LEUPROLIDE ACETATE,R
00300364101,LEUPROLIDE ACETATE,R
00300364201,LEUPROLIDE ACETATE,R
00300366301,LEUPROLIDE ACETATE,R
00300367301,LEUPROLIDE ACETATE,R
00300368301,LEUPROLIDE ACETATE,R
00302396001,MEGESTROL ACETATE,R
00304188201,MEGESTROL ACETATE,R
00304188301,MEGESTROL ACETATE,R
00304191001,LEUCOVORIN CALCIUM,O
00304216756,CYTARABINE,O
00304216858,CYTARABINE,O
00304216922,DACARBAZINE,O
00304217059,DACARBAZINE,O
00304217356,FLOXURIDINE,O
00304219622,VINBLASTINE SULFATE,O
00304219759,VINBLASTINE SULFATE,O
00304219952,VINCRISTINE SULFATE,O
00304220055,VINCRISTINE SULFATE,O
00304220155,VINCRISTINE SULFATE,O
00310020130,ANASTROZOLE,R
00310020137,ANASTROZOLE,R
00310020150,ANASTROZOLE,R
00310048230,GEFITINIB,O
00310060018,TAMOXIFEN CITRATE,R
00310060025,TAMOXIFEN CITRATE,R
00310060060,TAMOXIFEN CITRATE,R
00310060075,TAMOXIFEN CITRATE,R
00310060412,TAMOXIFEN CITRATE,R
00310060430,TAMOXIFEN CITRATE,R
00310060490,TAMOXIFEN CITRATE,R
00310070510,BICALUTAMIDE,R
00310070530,BICALUTAMIDE,R
00310070539,BICALUTAMIDE,R
00310072025,FULVESTRANT,R
00310072050,FULVESTRANT,R
00310073060,TAMOXIFEN CITRATE,R
00310073130,TAMOXIFEN CITRATE,R
00310095036,GOSERELIN ACETATE,R
00310095130,GOSERELIN ACETATE,R
00310096036,GOSERELIN ACETATE,R
00310096130,GOSERELIN ACETATE,R
00338001701,FLUOROURACIL  IVPB,O
00338001702,CARBOPLATIN IVPB,O
00338001703,IRINOTECAN IVPB,O
00338001710,FLUOROURACIL  IVPB,O
00338001718,LEUCOVORIN IVPB,O
00338001731,DEXAMETHASONE IVPB,O
00338001738,LEUCOVORIN IVPB,O
00338004903,PACLITAXEL IVPB,O
00338004910,IDARUBICIN IV SYRINGE,A
00338004938,PEMETREXED-NS IVPB,O
00338011704,IXABEPILONE IVPB,O
00338634602,LEUCOVORIN IVPB,O
00338635104,LEUCOVORIN INJ SYG,O
00339650099,"INTERFERON ALFA-2B,RECOMB.",I
00339650199,"INTERFERON ALFA-2B,RECOMB.",I
00339650299,"INTERFERON ALFA-2B,RECOMB.",I
00339650399,"INTERFERON ALFA-2B,RECOMB.",I
00339650499,"INTERFERON ALFA-2B,RECOMB.",I
00339650599,"INTERFERON ALFA-2B,RECOMB.",I
00339650699,"INTERFERON ALFA-2B,RECOMB.",I
00339650799,"INTERFERON ALFA-2B,RECOMB.",I
00339650899,"INTERFERON ALFA-2B,RECOMB.",I
00339650999,"INTERFERON ALFA-2B,RECOMB.",I
00339651099,"INTERFERON ALFA-2B,RECOMB.",I
00339651199,"INTERFERON ALFA-2B,RECOMB.",I
00339651299,"INTERFERON ALFA-2B,RECOMB.",I
00339651399,"INTERFERON ALFA-2B,RECOMB.",I
00339651499,"INTERFERON ALFA-2B,RECOMB.",I
00339651599,"INTERFERON ALFA-2B,RECOMB.",I
00339651699,"INTERFERON ALFA-2B,RECOMB.",I
00339651799,"INTERFERON ALFA-2B,RECOMB.",I
00349876601,MEGESTROL ACETATE,R
00349876701,MEGESTROL ACETATE,R
00349876725,MEGESTROL ACETATE,R
00364052104,MEDROXYPROGESTERONE ACET,R
00364052150,MEDROXYPROGESTERONE ACET,R
00364223401,MEGESTROL ACETATE,R
00364223404,MEGESTROL ACETATE,R
00364223501,MEGESTROL ACETATE,R
00364244754,VINBLASTINE SULFATE,O
00364244851,VINCRISTINE SULFATE,O
00364244852,VINCRISTINE SULFATE,O
00364246753,CYTARABINE,O
00364246854,CYTARABINE,O
00364249901,METHOTREXATE SODIUM,O
00364249936,METHOTREXATE SODIUM,O
00364302853,ETOPOSIDE,O
00378001401,METHOTREXATE SODIUM,O
00378001450,METHOTREXATE SODIUM,O
00378014405,TAMOXIFEN CITRATE,R
00378014491,TAMOXIFEN CITRATE,R
00378026101,KETOCONAZOLE,R
00378027401,TAMOXIFEN CITRATE,R
00378027493,TAMOXIFEN CITRATE,R
00378326694,ETOPOSIDE,O
00378354725,MERCAPTOPURINE,O
00378354752,MERCAPTOPURINE,O
00402102710,VINBLASTINE SULFATE,O
00402102801,VINCRISTINE SULFATE,O
00402102802,VINCRISTINE SULFATE,O
00405462301,MEGESTROL ACETATE,R
00405462401,MEGESTROL ACETATE,R
00405462404,MEGESTROL ACETATE,R
00405464301,METHOTREXATE SODIUM,O
00405464336,METHOTREXATE SODIUM,O
00406805003,LEUPROLIDE ACETATE,R
00409080101,PENTOSTATIN,O
00409112910,CARBOPLATIN,O
00409112911,CARBOPLATIN,O
00409112912,CARBOPLATIN,O
00418013710,LEUCOVORIN CALCIUM,O
00418014820,METHOTREXATE SODIUM,O
00418016205,VINBLASTINE SULFATE,O
00418016301,VINCRISTINE SULFATE,O
00418016302,VINCRISTINE SULFATE,O
00418016305,VINCRISTINE SULFATE,O
00418017110,FLUOROURACIL,O
00418019702,METHOTREXATE SODIUM/PF,O
00418019704,METHOTREXATE SODIUM/PF,O
00418019708,METHOTREXATE SODIUM/PF,O
00418021602,METHOTREXATE SODIUM,O
00418022710,DACARBAZINE,O
00418022820,DACARBAZINE,O
00440845030,TAMOXIFEN CITRATE,R
00440845060,TAMOXIFEN CITRATE,R
00440845092,TAMOXIFEN CITRATE,R
00440845130,TAMOXIFEN CITRATE,R
00440845160,TAMOXIFEN CITRATE,R
00440845192,TAMOXIFEN CITRATE,R
00469013701,LEUCOVORIN CALCIUM,O
00469013725,LEUCOVORIN CALCIUM,O
00469013825,LEUCOVORIN CALCIUM,O
00469100161,DOXORUBICIN HCL,A
00469103005,CYTARABINE,O
00469103025,CYTARABINE,O
00469103050,CYTARABINE,O
00469137030,LEUCOVORIN CALCIUM,O
00469148040,METHOTREXATE SODIUM,O
00469162030,VINBLASTINE SULFATE,O
00469163000,VINCRISTINE SULFATE,O
00469163010,VINCRISTINE SULFATE,O
00469163030,VINCRISTINE SULFATE,O
00469171030,FLUOROURACIL,O
00469171040,FLUOROURACIL,O
00469171060,FLUOROURACIL,O
00469171100,FLUOROURACIL,O
00469197010,METHOTREXATE SODIUM/PF,O
00469197020,METHOTREXATE SODIUM/PF,O
00469197030,METHOTREXATE SODIUM/PF,O
00469216010,METHOTREXATE SODIUM,O
00469227030,DACARBAZINE,O
00469228040,DACARBAZINE,O
00469241020,CYTARABINE,O
00469242030,CYTARABINE,O
00469278030,VINBLASTINE SULFATE,O
00469288030,METHOTREXATE SODIUM,O
00469352000,VINCRISTINE SULFATE,O
00469352010,VINCRISTINE SULFATE,O
00469352020,VINCRISTINE SULFATE,O
00469574030,LEUCOVORIN CALCIUM,O
00469577100,MEGESTROL ACETATE,R
00469578100,MEGESTROL ACETATE,R
00469578250,MEGESTROL ACETATE,R
00469883020,DOXORUBICIN HCL,A
00469883130,DOXORUBICIN HCL,A
00469883250,DOXORUBICIN HCL,A
00517490525,DEXAMETHASONE IVPB,O
00517493025,DEXAMETHASONE IVPB,O
00517860525,LEUCOVORIN CALCIUM,O
00536399502,MEDROXYPROGESTERONE ACET,R
00536399506,MEDROXYPROGESTERONE ACET,R
00536399801,METHOTREXATE SODIUM,O
00536399836,METHOTREXATE SODIUM,O
00536414807,LEUCOVORIN CALCIUM,O
00536414904,LEUCOVORIN CALCIUM,O
00536482101,MEGESTROL ACETATE,R
00536482201,MEGESTROL ACETATE,R
00536482202,MEGESTROL ACETATE,R
00536590501,MEDROXYPROGESTERONE ACET,R
00555044603,TAMOXIFEN CITRATE,R
00555044605,TAMOXIFEN CITRATE,R
00555044609,TAMOXIFEN CITRATE,R
00555044663,TAMOXIFEN CITRATE,R
00555048401,LEUCOVORIN CALCIUM,O
00555048402,LEUCOVORIN CALCIUM,O
00555048527,LEUCOVORIN CALCIUM,O
00555057202,METHOTREXATE SODIUM,O
00555057235,METHOTREXATE SODIUM,O
00555057245,METHOTREXATE SODIUM,O
00555057246,METHOTREXATE SODIUM,O
00555057247,METHOTREXATE SODIUM,O
00555057248,METHOTREXATE SODIUM,O
00555057249,METHOTREXATE SODIUM,O
00555060602,MEGESTROL ACETATE,R
00555060702,MEGESTROL ACETATE,R
00555060703,MEGESTROL ACETATE,R
00555060704,MEGESTROL ACETATE,R
00555063302,DANAZOL,H
00555063402,DANAZOL,H
00555063502,DANAZOL,H
00555077902,MEDROXYPROGESTERONE ACET,R
00555077904,MEDROXYPROGESTERONE ACET,R
00555080802,TRETINOIN,O
00555087004,FLUTAMIDE,R
00555087063,FLUTAMIDE,R
00555087202,MEDROXYPROGESTERONE ACET,R
00555087204,MEDROXYPROGESTERONE ACET,R
00555087302,MEDROXYPROGESTERONE ACET,R
00555087304,MEDROXYPROGESTERONE ACET,R
00555088202,HYDROXYUREA,O
00555090401,TAMOXIFEN CITRATE,R
00555090405,TAMOXIFEN CITRATE,R
00555090414,TAMOXIFEN CITRATE,R
00555092701,METHOTREXATE SODIUM,O
00555092801,METHOTREXATE SODIUM,O
00555092901,METHOTREXATE SODIUM,O
00555094501,METHOTREXATE SODIUM,O
00555198414,"PACLITAXEL (1X16.7ML,USP,MDV) 6 MG/ML",O
00555198514,"PACLITAXEL (1X50ML,USP,MDV) 6 MG/ML",O
00580160501,MEGESTROL ACETATE,R
00585067870,CROMOLYN SODIUM,O
00591318902,IRINOTECAN HCL,O
00591318926,IRINOTECAN HCL,O
00591333626,CARBOPLATIN,O
00591333712,CARBOPLATIN,O
00591333889,CARBOPLATIN,O
00591345460,CARBOPLATIN,O
00591346983,EPIRUBICIN HCL,A
00591347057,EPIRUBICIN HCL,A
00603394621,HYDROXYUREA,O
00603418321,LEUCOVORIN CALCIUM,O
00603418435,LEUCOVORIN CALCIUM,O
00603436819,MEDROXYPROGESTERONE ACET,R
00603436824,MEDROXYPROGESTERONE ACET,R
00603439121,MEGESTROL ACETATE,R
00603439221,MEGESTROL ACETATE,R
00603439228,MEGESTROL ACETATE,R
00603449921,METHOTREXATE SODIUM,O
00615357029,MEGESTROL ACETATE,R
00615357043,MEGESTROL ACETATE,R
00615357053,MEGESTROL ACETATE,R
00615357063,MEGESTROL ACETATE,R
00615357065,MEGESTROL ACETATE,R
00641226241,CYCLOPHOSPHAMIDE,O
00641226341,CYCLOPHOSPHAMIDE,O
00641226441,CYCLOPHOSPHAMIDE,O
00641226541,CYCLOPHOSPHAMIDE,O
00641236441,LEUCOVORIN CALCIUM,O
00641236941,LEUCOVORIN CALCIUM,O
00665400106,MEDROXYPROGESTERONE ACET,R
00665400107,MEDROXYPROGESTERONE ACET,R
00665400142,MEDROXYPROGESTERONE ACET,R
00677080301,MEDROXYPROGESTERONE ACET,R
00677080302,MEDROXYPROGESTERONE ACET,R
00677080303,MEDROXYPROGESTERONE ACET,R
00677120501,MEGESTROL ACETATE,R
00677120601,MEGESTROL ACETATE,R
00677161001,METHOTREXATE SODIUM,O
00677161701,MEDROXYPROGESTERONE ACET,R
00677168001,HYDROXYUREA,O
00677170001,KETOCONAZOLE,R
00677170007,KETOCONAZOLE,R
00686056106,LEUCOVORIN CALCIUM,O
00686058120,LEUCOVORIN CALCIUM,O
00686058205,LEUCOVORIN CALCIUM,O
00686058220,LEUCOVORIN CALCIUM,O
00702023110,DOXORUBICIN HCL,A
00702023206,DOXORUBICIN HCL,A
00702023301,DOXORUBICIN HCL,A
00702023510,DOXORUBICIN HCL,A
00702023606,DOXORUBICIN HCL,A
00702023610,DOXORUBICIN HCL,A
00702023701,DOXORUBICIN HCL,A
00702023801,DOXORUBICIN HCL,A
00702171030,FLUOROURACIL,O
00703301513,FLUOROURACIL,O
00703301812,FLUOROURACIL,O
00703301912,FLUOROURACIL,O
00703306711,EPIRUBICIN HCL,A
00703306911,EPIRUBICIN HCL,A
00703315401,BLEOMYCIN SULFATE,O
00703315491,BLEOMYCIN SULFATE,O
00703315501,BLEOMYCIN SULFATE,O
00703315591,BLEOMYCIN SULFATE,O
00703324411,CARBOPLATIN,O
00703324611,CARBOPLATIN,O
00703324811,CARBOPLATIN,O
00703324911,CARBOPLATIN,O
00703326401,CARBOPLATIN,O
00703326601,CARBOPLATIN,O
00703326801,CARBOPLATIN,O
00703326871,CARBOPLATIN,O
00703327401,CARBOPLATIN,O
00703327601,CARBOPLATIN,O
00703327801,CARBOPLATIN,O
00703342711,IFOSFAMIDE,O
00703342911,IFOSFAMIDE,O
00703401411,LEUPROLIDE ACETATE,R
00703401418,LEUPROLIDE ACETATE,R
00703401419,LEUPROLIDE ACETATE,R
00703402419,LEUPROLIDE ACETATE,R
00703410048,IFOSFAMIDE/MESNA,O
00703410058,IFOSFAMIDE/MESNA,O
00703410068,IFOSFAMIDE/MESNA,O
00703410948,IFOSFAMIDE/MESNA,O
00703410958,IFOSFAMIDE/MESNA,O
00703410968,IFOSFAMIDE/MESNA,O
00703415411,IDARUBICIN HCL,A
00703415491,IDARUBICIN HCL,A
00703415511,IDARUBICIN HCL,A
00703415591,IDARUBICIN HCL,A
00703415611,IDARUBICIN HCL,A
00703415691,IDARUBICIN HCL,A
00703418201,VINORELBINE TARTRATE,O
00703418281,VINORELBINE TARTRATE,O
00703418291,VINORELBINE TARTRATE,O
00703418301,VINORELBINE TARTRATE,O
00703418381,VINORELBINE TARTRATE,O
00703418391,VINORELBINE TARTRATE,O
00703424401,CARBOPLATIN,O
00703424601,CARBOPLATIN,O
00703424801,CARBOPLATIN,O
00703430102,THIOTEPA,O
00703430301,THIOTEPA,O
00703440211,VINCRISTINE SULFATE,O
00703441211,VINCRISTINE SULFATE,O
00703443211,IRINOTECAN HCL,O
00703443411,IRINOTECAN HCL,O
00703463601,STREPTOZOCIN,O
00703465801,DACARBAZINE (VIAL) 500 MG,O
00703468001,MITOXANTRONE HCL,O
00703468091,MITOXANTRONE HCL,O
00703468501,MITOXANTRONE HCL,O
00703468591,MITOXANTRONE HCL,O
00703468601,MITOXANTRONE HCL,O
00703468691,MITOXANTRONE HCL,O
00703485211,FLUDARABINE PHOSPHATE,O
00703485281,FLUDARABINE PHOSPHATE,O
00703485291,FLUDARABINE PHOSPHATE,O
00703503203,DAUNORUBICIN HCL,A
00703504001,DOXORUBICIN HCL,A
00703504303,DOXORUBICIN HCL,A
00703504601,DOXORUBICIN HCL,A
00703507501,DACARBAZINE,O
00703507503,DACARBAZINE,O
00703513001,LEUCOVORIN CALCIUM,O
00703513801,LEUCOVORIN CALCIUM,O
00703514001,LEUCOVORIN CALCIUM,O
00703514501,LEUCOVORIN CALCIUM,O
00703518203,CYTARABINE,O
00703519302,CYTARABINE,O
00703519401,CYTARABINE,O
00703519501,CYTARABINE,O
00703523311,DAUNORUBICIN HCL,A
00703523313,DAUNORUBICIN HCL,A
00703523411,DAUNORUBICIN HCL,A
00703564301,ETOPOSIDE,O
00703564601,ETOPOSIDE,O
00703565301,ETOPOSIDE,O
00703565601,ETOPOSIDE,O
00703565701,ETOPOSIDE,O
00703566701,ETOPOSIDE,O
00703566801,ETOPOSIDE,O
00703574711,CISPLATIN,O
00703574811,CISPLATIN,O
00703585401,FLUDARABINE PHOSPHATE,O
00703680101,MEDROXYPROGESTERONE ACET,R
00703680104,MEDROXYPROGESTERONE ACET,R
00703681121,MEDROXYPROGESTERONE ACET,R
00719153510,MEGESTROL ACETATE,R
00719153610,MEGESTROL ACETATE,R
00719154410,METHOTREXATE SODIUM,O
00725013801,FLUOXYMESTERONE,R
00725013901,FLUOXYMESTERONE,R
00781107601,METHOTREXATE SODIUM,O
00781107636,METHOTREXATE SODIUM,O
00781122001,LEUCOVORIN CALCIUM,O
00781122031,LEUCOVORIN CALCIUM,O
00781122263,LEUCOVORIN CALCIUM,O
00781156701,MEGESTROL ACETATE,R
00781156801,MEGESTROL ACETATE,R
00781168025,MEDROXYPROGESTERONE ACET,R
00781168050,MEDROXYPROGESTERONE ACET,R
00781306672,IRINOTECAN HCL,O
00781306675,IRINOTECAN HCL,O
00832008600,FLUOXYMESTERONE,R
00832008700,MEDROXYPROGESTERONE ACET,R
00832008725,MEDROXYPROGESTERONE ACET,R
00832008726,MEDROXYPROGESTERONE ACET,R
00832102600,MEGESTROL ACETATE,R
00832102700,MEGESTROL ACETATE,R
00832102725,MEGESTROL ACETATE,R
00832102750,MEGESTROL ACETATE,R
00839661004,MEDROXYPROGESTERONE ACET,R
00839661006,MEDROXYPROGESTERONE ACET,R
00839661009,MEDROXYPROGESTERONE ACET,R
00839740506,MEGESTROL ACETATE,R
00839740606,MEGESTROL ACETATE,R
00839740609,MEGESTROL ACETATE,R
00839740612,MEGESTROL ACETATE,R
00839746306,LEUCOVORIN CALCIUM,O
00839746406,LEUCOVORIN CALCIUM,O
00839746408,LEUCOVORIN CALCIUM,O
00839759630,LEUCOVORIN CALCIUM,O
00839759733,LEUCOVORIN CALCIUM,O
00839790506,METHOTREXATE SODIUM,O
00904174960,METHOTREXATE SODIUM,O
00904174973,METHOTREXATE SODIUM,O
00904231560,LEUCOVORIN CALCIUM,O
00904231617,LEUCOVORIN CALCIUM,O
00904269040,MEDROXYPROGESTERONE ACET,R
00904269051,MEDROXYPROGESTERONE ACET,R
00904269060,MEDROXYPROGESTERONE ACET,R
00904269070,MEDROXYPROGESTERONE ACET,R
00904357060,MEGESTROL ACETATE,R
00904357140,MEGESTROL ACETATE,R
00904357160,MEGESTROL ACETATE,R
00904357161,MEGESTROL ACETATE,R
00904357170,MEGESTROL ACETATE,R
00904522760,MEDROXYPROGESTERONE ACET,R
00904522860,MEDROXYPROGESTERONE ACET,R
00904539460,HYDROXYUREA,O
08881571121,RITUXIMAB IVPB,O
10019091001,CISPLATIN,O
10019091002,CISPLATIN,O
10019091201,CARBOPLATIN,O
10019091202,CARBOPLATIN,O
10019091203,CARBOPLATIN,O
10019091501,CARBOPLATIN,O
10019091601,CARBOPLATIN,O
10019091615,CARBOPLATIN,O
10019091701,CARBOPLATIN,O
10019092001,DOXORUBICIN HCL,A
10019092102,DOXORUBICIN HCL,A
10019092501,IFOSFAMIDE,O
10019092582,IFOSFAMIDE,O
10019092602,IFOSFAMIDE,O
10019092616,IFOSFAMIDE,O
10019093001,ETOPOSIDE,O
10019093002,ETOPOSIDE,O
10019093401,IRINOTECAN HCL,O
10019093402,IRINOTECAN HCL,O
10019093417,IRINOTECAN HCL,O
10019093479,IRINOTECAN HCL,O
10019094001,METHOTREXATE SODIUM/PF,O
10019094002,METHOTREXATE SODIUM/PF,O
10019094101,METHOTREXATE SODIUM,O
10019095002,FLUOROURACIL,O
10019095501,CYCLOPHOSPHAMIDE,O
10019095601,CYCLOPHOSPHAMIDE,O
10019095701,CYCLOPHOSPHAMIDE,O
10019095711,"CYCLOPHOSPHAMIDE (SDV,USP,PF) 2 GM",O
10019097001,VINORELBINE TARTRATE,O
10019097002,VINORELBINE TARTRATE,O
10106006101,"ARSENIC TRIOXIDE (A.C.S., REAGENT)",O
10106006104,"ARSENIC TRIOXIDE (A.C.S., REAGENT)",O
10106006201,ARSENIC TRIOXIDE (REAGENT),O
10106006204,ARSENIC TRIOXIDE (REAGENT),O
10139006005,CARBOPLATIN,O
10139006015,CARBOPLATIN,O
10139006045,CARBOPLATIN,O
10139006101,EPIRUBICIN HCL,A
10139006125,EPIRUBICIN HCL,A
10139006202,METHOTREXATE SODIUM/PF,O
10139006210,METHOTREXATE SODIUM/PF,O
10139006240,METHOTREXATE SODIUM/PF,O
10139006301,FLUOROURACIL,O
10139006311,FLUOROURACIL,O
10139006312,FLUOROURACIL,O
10139006350,FLUOROURACIL,O
10518010207,"PACLITAXEL,SEMI-SYNTHETIC",O
10518010208,"PACLITAXEL,SEMI-SYNTHETIC",O
10518010209,"PACLITAXEL,SEMI-SYNTHETIC",O
10518010310,IRINOTECAN HCL,O
10518010311,IRINOTECAN HCL,O
10518010410,EPIRUBICIN HCL,A
10518010411,EPIRUBICIN HCL,A
11399000501,TOREMIFENE CITRATE,R
11399000530,TOREMIFENE CITRATE,R
11793088001,BCG LIVE,I
11845028701,MEGESTROL ACETATE,R
11845028702,MEGESTROL ACETATE,R
11845028703,MEGESTROL ACETATE,R
11845110401,METHOTREXATE SODIUM,O
11994000902,SAMARIUM SM 153 LEXIDRONAM,O
11994000903,SAMARIUM SM 153 LEXIDRONAM,O
12280034630,ARIMIDEX 1 MG,O
13632012301,TAMOXIFEN CITRATE,R
15210006112,CARBOPLATIN,O
15210006312,CARBOPLATIN,O
15210006612,CARBOPLATIN,O
15210006712,CARBOPLATIN,O
15210040335,MITOXANTRONE HCL,O
15210040336,"OTN MITOXANTRONE (MDV,USP,PF,CONCENTRATE) 2 MG/ML",O
15210040337,MITOXANTRONE HCL,O
17156052401,STRONTIUM-89 CHLORIDE,O
17236049501,MEGESTROL ACETATE,R
17236049505,MEGESTROL ACETATE,R
17236069701,MEGESTROL ACETATE,R
17314725301,AMIFOSTINE CRYSTALLINE,O
17314725303,AMIFOSTINE CRYSTALLINE,O
17314960001,DOXORUBICIN HCL LIPOSOMAL,A
17314960002,DOXORUBICIN HCL LIPOSOMAL,A
18111000202,IRINOTECAN HCL,O
18111000203,IRINOTECAN HCL,O
18860067870,CROMOLYN SODIUM,O
23490588900,METHOTREXATE SODIUM,O
35470049001,MEGESTROL ACETATE,R
38779002501,FLUOROURACIL,O
38779002504,FLUOROURACIL,O
38779002505,FLUOROURACIL,O
38779002509,FLUOROURACIL,O
38779002510,FLUOROURACIL,O
38779002525,FLUOROURACIL,O
38779003503,METHOTREXATE,O
38779003504,METHOTREXATE,O
38779003506,METHOTREXATE,O
38779013901,"MEGESTROL ACETATE,MICRONIZED",R
38779013903,"MEGESTROL ACETATE,MICRONIZED",R
38779013904,"MEGESTROL ACETATE,MICRONIZED",R
38779013905,"MEGESTROL ACETATE,MICRONIZED",R
38779013910,"MEGESTROL ACETATE,MICRONIZED",R
38779013915,"MEGESTROL ACETATE,MICRONIZED",R
38779013925,"MEGESTROL ACETATE,MICRONIZED",R
38779021203,DACARBAZINE,O
38779021206,DACARBAZINE,O
38779021211,DACARBAZINE,O
38779021215,DACARBAZINE,O
38779033700,LEUCOVORIN CALCIUM,O
38779033703,LEUCOVORIN CALCIUM,O
38779033706,LEUCOVORIN CALCIUM,O
38779033709,LEUCOVORIN CALCIUM,O
38779034101,TAMOXIFEN CITRATE,R
38779034103,TAMOXIFEN CITRATE,R
38779034105,TAMOXIFEN CITRATE,R
38779049603,LEVAMISOLE HCL,I
38779049604,LEVAMISOLE HCL,I
38779049605,LEVAMISOLE HCL,I
38779050603,CYCLOPHOSPHAMIDE,O
38779050604,CYCLOPHOSPHAMIDE (U.S.P.),O
38779050605,CYCLOPHOSPHAMIDE (U.S.P.),O
38779055307,MITOMYCIN,O
38779055309,MITOMYCIN (U.S.P.),O
38779065206,DOXORUBICIN HCL (U.S.P.),A
38779065209,DOXORUBICIN HCL (U.S.P.),A
38779072203,VINBLASTINE SULFATE (U.S.P.),O
38779072206,VINBLASTINE SULFATE (U.S.P.),O
38779072209,VINBLASTINE SULFATE (U.S.P.),O
38779078403,ETOPOSIDE (U.S.P.),O
38779078406,ETOPOSIDE (U.S.P.),O
38779115600,CHLORAMBUCIL,O
38779115606,CHLORAMBUCIL,O
38779142203,MEDROXYPROGESTERONE ACET,R
38779142204,MEDROXYPROGESTERONE ACET,R
38779142205,MEDROXYPROGESTERONE ACET,R
38779142208,MEDROXYPROGESTERONE ACET,R
38779142703,MERCAPTOPURINE,O
38779142704,MERCAPTOPURINE,O
38779142706,MERCAPTOPURINE,O
38779186506,DIETHYLSTILBESTROL,R
38779227406,ANASTROZOLE,R
39769001210,FLUOROURACIL,O
39769001240,FLUOROURACIL,O
39769001290,FLUOROURACIL,O
44087152001,MITOXANTRONE HCL,O
44087152501,MITOXANTRONE HCL,O
44087153001,MITOXANTRONE HCL,O
47202286101,MEGESTROL ACETATE,R
47202286201,MEGESTROL ACETATE,R
47679074901,LEUCOVORIN CALCIUM,O
47679074927,LEUCOVORIN CALCIUM,O
47679074935,LEUCOVORIN CALCIUM,O
47679075049,LEUCOVORIN CALCIUM,O
47679075097,LEUCOVORIN CALCIUM,O
48642904101,BCG VACCINE,I
48818000101,PRALATREXATE,O
48818000102,PRALATREXATE,O
49281088001,BCG LIVE,I
49452073501,ARSENIC,O
49452073502,ARSENIC,O
49452207801,CISPLATIN (U.S.P.),O
49452207802,CISPLATIN (U.S.P.),O
49452207803,CISPLATIN (U.S.P.),O
49452243701,DOXORUBICIN HCL (U.S.P.),A
49452259201,DIETHYLSTILBESTROL,R
49452259601,DIETHYLSTILBESTROL,R
49452259602,DIETHYLSTILBESTROL,R
49452259603,DIETHYLSTILBESTROL,R
49452317501,FLUOROURACIL,O
49452317502,FLUOROURACIL,O
49452317503,FLUOROURACIL,O
49452317504,5-FLUOROURACIL (U.S.P.),O
49452403601,LEUCOVORIN CALCIUM,O
49452403602,LEUCOVORIN CALCIUM,O
49452440001,MEGESTROL ACETATE,R
49452440002,MEGESTROL ACETATE,R
49452446302,MERCAPTOPURINE,O
49452460001,METHOTREXATE,O
49452460002,METHOTREXATE,O
49452460003,METHOTREXATE,O
49452460101,METHOTREXATE,O
49452460102,METHOTREXATE,O
49452460103,METHOTREXATE,O
49452460104,METHOTREXATE,O
49452472501,MEDROXYPROGESTERONE ACET,R
49452478501,MITOMYCIN (U.S.P.),O
49452478502,MITOMYCIN (U.S.P.),O
49452775301,TAMOXIFEN CITRATE,R
49452811201,VINBLASTINE SULFATE (U.S.P.),O
49452811202,VINBLASTINE SULFATE (U.S.P.),O
49452811203,VINBLASTINE SULFATE (U.S.P.),O
49452811401,VINCRISTINE SULFATE (U.S.P.),O
49452811402,VINCRISTINE SULFATE (U.S.P.),O
49452811404,VINCRISTINE SULFATE (U.S.P.),O
49884023701,LEUCOVORIN CALCIUM,O
49884023711,LEUCOVORIN CALCIUM,O
49884023801,LEUCOVORIN CALCIUM,O
49884023815,LEUCOVORIN CALCIUM,O
49884028901,MEGESTROL ACETATE,R
49884029001,MEGESTROL ACETATE,R
49884029004,MEGESTROL ACETATE,R
49884029005,MEGESTROL ACETATE,R
49884036826,LEUPROLIDE ACETATE,R
49884072401,HYDROXYUREA,O
49884075305,FLUTAMIDE,R
49884075313,FLUTAMIDE,R
49884090738,MEGESTROL ACETATE,R
49884090761,MEGESTROL ACETATE,R
49884090788,MEGESTROL ACETATE,R
49884092202,MERCAPTOPURINE,O
49884092204,MERCAPTOPURINE,O
49884094969,MEGESTROL ACETATE,R
49999038024,METHOTREXATE SODIUM,O
49999098630,EXEMESTANE,R
50111062101,KETOCONAZOLE,R
50111062102,KETOCONAZOLE,R
50111096576,CARBOPLATIN,O
50111096676,CARBOPLATIN,O
50111096776,CARBOPLATIN,O
50242005121,RITUXIMAB,O
50242005306,RITUXIMAB,O
50242005656,TRASTUZUMAB,H
50242006001,BEVACIZUMAB,O
50242006002,BEVACIZUMAB,O
50242006101,BEVACIZUMAB,O
50242006201,ERLOTINIB HCL,O
50242006301,ERLOTINIB HCL,O
50242006401,ERLOTINIB HCL,O
50242013460,TRASTUZUMAB,H
50242013468,TRASTUZUMAB,H
50349008301,DANAZOL,H
50419020903,SAMARIUM SM 153 LEXIDRONAM,O
50419035510,ALEMTUZUMAB,O
50419035512,ALEMTUZUMAB,O
50419035703,ALEMTUZUMAB,O
50419051106,FLUDARABINE PHOSPHATE,O
50419052103,BETASERON (W/DEXTROSE) 0.3 MG,O
50419052115,BETASERON (W/DEXTROSE) 0.3 MG,O
50419052315,BETASERON (W/MANNITOL) 0.3 MG,O
50419052325,"BETASERON (15 BLISTER UNITS,PF) 0.3 MG-0.54%",O
50428300263,CALCIUM PHOSPHATE/MELATONIN,O
50458022006,KETOCONAZOLE,R
50458022010,KETOCONAZOLE,R
50458027036,LEVAMISOLE HCL,I
51079043401,MEGESTROL ACETATE,R
51079043420,MEGESTROL ACETATE,R
51079043501,MEGESTROL ACETATE,R
51079043517,MEGESTROL ACETATE,R
51079043519,MEGESTROL ACETATE,R
51079043520,MEGESTROL ACETATE,R
51079058101,LEUCOVORIN CALCIUM,O
51079058106,LEUCOVORIN CALCIUM,O
51079058201,LEUCOVORIN CALCIUM,O
51079058205,LEUCOVORIN CALCIUM,O
51079067001,METHOTREXATE SODIUM,O
51079067005,METHOTREXATE SODIUM,O
51079067086,METHOTREXATE SODIUM,O
51079067087,METHOTREXATE SODIUM,O
51079067088,METHOTREXATE SODIUM,O
51079067089,METHOTREXATE SODIUM,O
51079096101,"PACLITAXEL,SEMI-SYNTHETIC",O
51079096201,"PACLITAXEL,SEMI-SYNTHETIC",O
51079096301,"PACLITAXEL,SEMI-SYNTHETIC",O
51079096501,ETOPOSIDE,O
51079096505,ETOPOSIDE,O
51285036601,METHOTREXATE SODIUM,O
51285036701,METHOTREXATE SODIUM,O
51285036801,METHOTREXATE SODIUM,O
51285036901,METHOTREXATE SODIUM,O
51285050902,METHOTREXATE SODIUM,O
51285054002,MEDROXYPROGESTERONE ACET,R
51285054004,MEDROXYPROGESTERONE ACET,R
51285054102,MEDROXYPROGESTERONE ACET,R
51285054104,MEDROXYPROGESTERONE ACET,R
51285054202,MEDROXYPROGESTERONE ACET,R
51285054204,MEDROXYPROGESTERONE ACET,R
51285054802,HYDROXYUREA,O
51309020002,VINCRISTINE SULFATE,O
51309020003,VINCRISTINE SULFATE,O
51309020005,VINCRISTINE SULFATE,O
51309020102,VINCRISTINE SULFATE,O
51309020105,VINCRISTINE SULFATE,O
51309020220,VINBLASTINE SULFATE,O
51309020230,VINBLASTINE SULFATE,O
51309020320,VINBLASTINE SULFATE,O
51309020410,DACARBAZINE,O
51309020420,DACARBAZINE,O
51309020520,DACARBAZINE,O
51309020530,DACARBAZINE,O
51309020605,METHOTREXATE SODIUM,O
51309020610,METHOTREXATE SODIUM,O
51309020615,METHOTREXATE SODIUM,O
51309020705,METHOTREXATE SODIUM,O
51309020710,METHOTREXATE SODIUM,O
51309020715,METHOTREXATE SODIUM,O
51309020720,METHOTREXATE SODIUM,O
51309020830,METHOTREXATE SODIUM,O
51309021710,FLUOROURACIL,O
51309021720,FLUOROURACIL,O
51309021750,FLUOROURACIL,O
51309021798,FLUOROURACIL,O
51309021910,CYTARABINE,O
51309022015,CYTARABINE,O
51309022205,CYTARABINE,O
51309022330,CYTARABINE,O
51309023110,FLOXURIDINE,O
51309023210,FLOXURIDINE,O
51309024110,LEUCOVORIN CALCIUM,O
51309024220,LEUCOVORIN CALCIUM,O
51309074112,LEUCOVORIN CALCIUM,O
51309074114,LEUCOVORIN CALCIUM,O
51309074130,LEUCOVORIN CALCIUM,O
51309074191,LEUCOVORIN CALCIUM,O
51309074201,LEUCOVORIN CALCIUM,O
51309074225,LEUCOVORIN CALCIUM,O
51309074302,LEUCOVORIN CALCIUM,O
51309074312,LEUCOVORIN CALCIUM,O
51309074324,LEUCOVORIN CALCIUM,O
51309074691,MEGESTROL ACETATE,R
51309074791,MEGESTROL ACETATE,R
51309074795,MEGESTROL ACETATE,R
51432009303,MEGESTROL ACETATE,R
51432009305,MEGESTROL ACETATE,R
51432025103,LEUCOVORIN CALCIUM,O
51432025130,LEUCOVORIN CALCIUM,O
51432025525,LEUCOVORIN CALCIUM,O
51432040910,FLUOROURACIL,O
51432041910,VINBLASTINE SULFATE,O
51432042110,LEUCOVORIN CALCIUM,O
51432047010,FLUOROURACIL,O
51432047505,VINCRISTINE SULFATE,O
51432047601,VINCRISTINE SULFATE,O
51432047702,VINCRISTINE SULFATE,O
51432047810,VINBLASTINE SULFATE,O
51432052203,METHOTREXATE SODIUM,O
51432055710,LEUCOVORIN CALCIUM,O
51432085603,MEGESTROL ACETATE,R
51552059001,DIETHYLSTILBESTROL,R
51552059005,DIETHYLSTILBESTROL,R
51552059025,DIETHYLSTILBESTROL,R
51552073301,FLUOROURACIL,O
51552073302,FLUOROURACIL,O
51552073304,FLUOROURACIL,O
51552073305,FLUOROURACIL,O
51552078001,DIETHYLSTILBESTROL,R
51552078002,DIETHYLSTILBESTROL,R
51552083802,TAMOXIFEN CITRATE,R
51552085104,HYDROXYUREA,O
51552085109,HYDROXYUREA,O
51552105401,METHOTREXATE,O
51552105409,METHOTREXATE,O
51552107609,CISPLATIN (U.S.P.),O
51672402601,KETOCONAZOLE,R
51672402606,KETOCONAZOLE,R
51672406201,FLUOROURACIL,O
51672406301,FLUOROURACIL,O
51927108500,FLUOROURACIL,O
51927144100,ARSENIC TRIOXIDE (TECHNICAL),O
51927149000,MEDROXYPROGESTERONE ACET,R
51927156500,METHOTREXATE,O
51927167000,"MEGESTROL ACETATE,MICRONIZED",R
51927173200,LEVAMISOLE HCL,I
51927200000,MERCAPTOPURINE,O
51927217700,CHLORAMBUCIL,O
51927236200,DACARBAZINE (U.S.P.),O
51927265500,HYDROXYUREA,O
51927269200,LEUCOVORIN CALCIUM,O
51927276200,TRIETHYLENETHIOPHOSPHORAMIDE/T,O
51927277200,ETOPOSIDE (U.S.P.) 1 GM,O
51927297600,TAMOXIFEN CITRATE,R
51927309900,DIETHYLSTILBESTROL,R
51927364200,MITOMYCIN,O
51927382400,MECHLORETHAMINE HCL,O
52446028019,MEDROXYPROGESTERONE ACET,R
52446028024,MEDROXYPROGESTERONE ACET,R
52446057521,MEGESTROL ACETATE,R
52446057621,MEGESTROL ACETATE,R
52544015302,TRIPTORELIN PAMOATE,R
52544015376,TRIPTORELIN PAMOATE,R
52544015402,TRIPTORELIN PAMOATE,R
52544015476,TRIPTORELIN PAMOATE,R
52555037501,MEGESTROL ACETATE,R
52555037601,MEGESTROL ACETATE,R
52555046302,MEDROXYPROGESTERONE ACET,R
52959024400,METHOTREXATE SODIUM,O
52959092830,MEGESTROL ACETATE 20 MG,R
53002048720,METHOTREXATE SODIUM,O
53002103203,TAMOXIFEN CITRATE,R
53002103230,TAMOXIFEN CITRATE,R
53014021604,VALRUBICIN,O
53014021624,VALRUBICIN,O
53014067870,CROMOLYN SODIUM,O
53258016203,VINBLASTINE SULFATE,O
53258016300,VINCRISTINE SULFATE,O
53258016301,VINCRISTINE SULFATE,O
53258016303,VINCRISTINE SULFATE,O
53258035200,VINCRISTINE SULFATE,O
53258035201,VINCRISTINE SULFATE,O
53258035202,VINCRISTINE SULFATE,O
53258148004,METHOTREXATE SODIUM/PF,O
53258149004,METHOTREXATE SODIUM/PF,O
53258152004,METHOTREXATE SODIUM/PF,O
53258162003,VINBLASTINE SULFATE,O
53258171003,FLUOROURACIL,O
53258171100,FLUOROURACIL,O
53258197001,METHOTREXATE SODIUM/PF,O
53258197002,METHOTREXATE SODIUM/PF,O
53258197003,METHOTREXATE SODIUM/PF,O
53258227003,DACARBAZINE,O
53258228004,DACARBAZINE,O
53258278003,VINBLASTINE SULFATE,O
53258288003,METHOTREXATE SODIUM,O
53258288030,METHOTREXATE SODIUM/PF,O
53443000321,METHOTREXATE SODIUM/PF,O
53443000322,METHOTREXATE SODIUM/PF,O
53443000324,METHOTREXATE SODIUM/PF,O
53443000740,VINCRISTINE SULFATE,O
53443000741,VINCRISTINE SULFATE,O
53443000743,VINCRISTINE SULFATE,O
53443058232,METHOTREXATE SODIUM,O
53489055401,KETOCONAZOLE,R
53489055407,KETOCONAZOLE,R
53905003110,METHOTREXATE SODIUM/PF,O
53905003210,METHOTREXATE SODIUM/PF,O
53905003310,METHOTREXATE SODIUM/PF,O
53905003410,METHOTREXATE SODIUM/PF,O
53905005110,LEUCOVORIN CALCIUM,O
53905005210,LEUCOVORIN CALCIUM,O
53905005301,LEUCOVORIN CALCIUM,O
53905009110,VINBLASTINE SULFATE,O
53905011110,FLUOROURACIL,O
53905013110,CYTARABINE,O
53905013210,CYTARABINE,O
53905013301,CYTARABINE,O
53905013401,CYTARABINE,O
53905023110,DOXORUBICIN HCL,A
53905023206,DOXORUBICIN HCL,A
53905023210,DOXORUBICIN HCL,A
53905023301,DOXORUBICIN HCL,A
53905023510,DOXORUBICIN HCL,A
53905023606,DOXORUBICIN HCL,A
53905023610,DOXORUBICIN HCL,A
53905023701,DOXORUBICIN HCL,A
53905023801,DOXORUBICIN HCL,A
53905025101,MITOMYCIN,O
53905025201,MITOMYCIN,O
53905028110,DAUNORUBICIN HCL,A
53905029101,ETOPOSIDE,O
53905033101,CYTARABINE LIPOSOME,O
53905099101,ALDESLEUKIN,I
53905099110,ALDESLEUKIN,I
54092003950,URACIL MUSTARD,O
54092017001,TOREMIFENE CITRATE,R
54092017030,TOREMIFENE CITRATE,R
54124036530,AMINOGLUTETHIMIDE,R
54274019810,MEGESTROL ACETATE,R
54274019910,MEGESTROL ACETATE,R
54274019925,MEGESTROL ACETATE,R
54274026510,MEGESTROL ACETATE,R
54274026610,MEGESTROL ACETATE,R
54274026625,MEGESTROL ACETATE,R
54482005301,PROCARBAZINE HCL,O
54569037100,AMINOGLUTETHIMIDE,R
54569037200,MELPHALAN,O
54569037201,MELPHALAN,O
54569037202,MELPHALAN,O
54569037203,MELPHALAN,O
54569037300,CHLORAMBUCIL,O
54569037301,CHLORAMBUCIL,O
54569037400,BUSULFAN,O
54569037500,CYCLOPHOSPHAMIDE,O
54569037501,CYCLOPHOSPHAMIDE,O
54569037502,CYCLOPHOSPHAMIDE,O
54569037600,PROCARBAZINE HCL,O
54569037800,HYDROXYUREA,O
54569037801,HYDROXYUREA,O
54569037802,HYDROXYUREA,O
54569038000,MEGESTROL ACETATE,R
54569038200,TAMOXIFEN CITRATE,R
54569038201,TAMOXIFEN CITRATE,R
54569038202,TAMOXIFEN CITRATE,R
54569140000,CYCLOPHOSPHAMIDE,O
54569140700,METHOTREXATE SODIUM,O
54569155000,METHOTREXATE SODIUM,O
54569160300,LEUPROLIDE ACETATE,R
54569181800,METHOTREXATE SODIUM,O
54569181801,METHOTREXATE SODIUM,O
54569181802,METHOTREXATE SODIUM,O
54569181803,METHOTREXATE SODIUM,O
54569184601,METHOTREXATE SODIUM,O
54569192900,BLEOMYCIN SULFATE,O
54569224800,MEGESTROL ACETATE,R
54569245800,DOXORUBICIN HCL,A
54569245900,DOXORUBICIN HCL,A
54569264100,LEUCOVORIN CALCIUM,O
54569264700,LEUPROLIDE ACETATE,R
54569271300,LEUPROLIDE ACETATE,R
54569296100,VINCRISTINE SULFATE,O
54569296200,CYTARABINE,O
54569296300,ETOPOSIDE,O
54569331000,LEVAMISOLE HCL,I
54569376500,TAMOXIFEN CITRATE,R
54569376501,TAMOXIFEN CITRATE,R
54569394200,FLUTAMIDE,R
54569394300,GOSERELIN ACETATE,R
54569395700,MEDROXYPROGESTERONE ACET,R
54569395800,MEDROXYPROGESTERONE ACET,R
54569415200,ASPARAGINASE,O
54569415400,IDARUBICIN HCL,A
54569415500,IDARUBICIN HCL,A
54569443300,AVONEX (S.D.V.) 33 MCG,I
54569452500,METHOTREXATE SODIUM/PF,O
54569452600,"LUPRON DEPOT (SRN,PREFIL,DUAL CHAMBER) 11.25 MG",R
54569454700,"LUPRON DEPOT (SRN, PREFILL DUAL CHAMB) 3.75 MG",R
54569478500,LEUPROLIDE ACETATE,R
54569498200,LEUPROLIDE ACETATE,R
54569498300,METHOTREXATE SODIUM (VIAL) 25 MG/ML,O
54569526200,"LUPRON DEPOT-PED (SRN,PREFIL DUAL CHAMBER) 15 MG",R
54569531600,METHOTREXATE SODIUM,O
54569571200,CYCLOPHOSPHAMIDE,O
54569571300,CYCLOPHOSPHAMIDE,O
54569571400,LETROZOLE,R
54569571500,HYDROXYUREA,O
54569571600,TAMOXIFEN CITRATE,R
54569571700,CAPECITABINE,O
54569571800,ETOPOSIDE,O
54569573100,ANASTROZOLE,R
54569573200,EXEMESTANE,R
54569575100,ESTRAMUSTINE PHOSPHATE SODIUM,R
54569585700,TAMOXIFEN CITRATE 20 MG,R
54569598200,SUNITINIB MALATE,O
54569598300,SUNITINIB MALATE,O
54569853100,TAMOXIFEN CITRATE,R
54569860200,TAMOXIFEN CITRATE,R
54738054701,HYDROXYUREA,O
54746000101,ALFERON N (M.D.V.) 5 Million IU/ML,I
54807055001,MEDROXYPROGESTERONE ACET,R
54868017300,METHOTREXATE SODIUM (PF) 25 MG/ML,O
54868017301,METHOTREXATE SODIUM/PF,O
54868112600,CHLORAMBUCIL,O
54868112601,CHLORAMBUCIL,O
54868112602,CHLORAMBUCIL,O
54868112603,CHLORAMBUCIL,O
54868112604,CHLORAMBUCIL,O
54868112605,CHLORAMBUCIL,O
54868136600,PROCARBAZINE HCL,O
54868136700,HYDROXYUREA,O
54868162900,MEGESTROL ACETATE,R
54868162901,MEGESTROL ACETATE,R
54868162902,MEGESTROL ACETATE,R
54868282500,LUPRON DEPOT 3.75 MG,R
54868300401,TAMOXIFEN CITRATE,R
54868300402,TAMOXIFEN CITRATE,R
54868300403,TAMOXIFEN CITRATE,R
54868300404,TAMOXIFEN CITRATE,R
54868300405,TAMOXIFEN CITRATE,R
54868308500,"INTERFERON ALFA-2B,RECOMB.",I
54868309901,MEGESTROL ACETATE,R
54868313100,DOXORUBICIN HCL,A
54868327700,LEUPROLIDE ACETATE,R
54868329800,BLEOMYCIN SULFATE,O
54868331000,LEUCOVORIN CALCIUM,O
54868331001,LEUCOVORIN CALCIUM,O
54868334100,"INTERFERON ALFA-2B,RECOMB.",I
54868334801,MEDROXYPROGESTERONE ACET,R
54868382603,METHOTREXATE SODIUM,O
54868382604,METHOTREXATE SODIUM,O
54868382605,METHOTREXATE SODIUM,O
54868382606,METHOTREXATE SODIUM,O
54868382607,METHOTREXATE SODIUM,O
54868414200,TEMOZOLOMIDE,O
54868414201,TEMOZOLOMIDE,O
54868414202,TEMOZOLOMIDE,O
54868414204,TEMOZOLOMIDE,O
54868414205,TEMOZOLOMIDE,O
54868414206,TEMOZOLOMIDE,O
54868414300,CAPECITABINE,O
54868414301,CAPECITABINE,O
54868414302,CAPECITABINE,O
54868414303,XELODA 150 MG,O
54868415100,LETROZOLE,R
54868428700,TAMOXIFEN CITRATE,R
54868428701,TAMOXIFEN CITRATE,R
54868428702,TAMOXIFEN CITRATE,R
54868428703,TAMOXIFEN CITRATE,R
54868428704,TAMOXIFEN CITRATE,R
54868433900,MELPHALAN,O
54868433901,MELPHALAN,O
54868433902,MELPHALAN,O
54868433903,MELPHALAN,O
54868433904,MELPHALAN,O
54868450300,BICALUTAMIDE,R
54868462800,FLUTAMIDE,R
54868471600,METHOTREXATE SODIUM,O
54868477300,HYDROXYUREA,O
54868477301,HYDROXYUREA,O
54868477302,HYDROXYUREA,O
54868477303,HYDROXYUREA,O
54868479600,METHOTREXATE SODIUM,O
54868480900,"METHOTREXATE SODIUM (VIAL, L.P.P.) 25 MG/ML",O
54868500000,ANASTROZOLE,R
54868500500,CYCLOPHOSPHAMIDE,O
54868500501,CYCLOPHOSPHAMIDE,O
54868521800,CYCLOPHOSPHAMIDE,O
54868521801,CYCLOPHOSPHAMIDE,O
54868521802,CYCLOPHOSPHAMIDE,O
54868526000,CAPECITABINE,O
54868526001,CAPECITABINE,O
54868526002,CAPECITABINE,O
54868526003,CAPECITABINE,O
54868526004,CAPECITABINE,O
54868526005,CAPECITABINE,O
54868526006,CAPECITABINE,O
54868526007,CAPECITABINE,O
54868526008,CAPECITABINE,O
54868526009,CAPECITABINE,O
54868526100,EXEMESTANE,R
54868528200,MERCAPTOPURINE,O
54868528201,MERCAPTOPURINE,O
54868528900,IMATINIB MESYLATE,O
54868528901,IMATINIB MESYLATE,O
54868528902,IMATINIB MESYLATE,O
54868528903,IMATINIB MESYLATE,O
54868529000,ERLOTINIB HCL,O
54868534800,TEMOZOLOMIDE,O
54868534801,TEMOZOLOMIDE,O
54868535000,TEMOZOLOMIDE,O
54868535001,TEMOZOLOMIDE,O
54868535002,TEMOZOLOMIDE,O
54868535003,TEMOZOLOMIDE,O
54868535004,TEMOZOLOMIDE,O
54868535400,TEMOZOLOMIDE,O
54868535500,ETOPOSIDE,O
54868535502,ETOPOSIDE,O
54868538900,MEGESTROL ACETATE,R
54868538901,MEGESTROL ACETATE,R
54868542700,IMATINIB MESYLATE,O
54868542701,IMATINIB MESYLATE,O
54868542702,IMATINIB MESYLATE,O
54868544700,ERLOTINIB HCL,O
54868547400,ERLOTINIB HCL,O
54868556800,LEUPROLIDE ACETATE,R
54868559600,ALDESLEUKIN,I
54868573400,NILUTAMIDE,R
54868575900,DASATINIB,O
55175550006,TAMOXIFEN CITRATE,R
55175550503,ANASTROZOLE,R
55289058530,TAMOXIFEN CITRATE,R
55289092430,METHOTREXATE SODIUM,O
55370055807,KETOCONAZOLE,R
55390000501,BLEOMYCIN SULFATE,O
55390000601,BLEOMYCIN SULFATE,O
55390000901,LEUCOVORIN CALCIUM,O
55390001402,DEXRAZOXANE,O
55390003010,THIOTEPA,O
55390003110,METHOTREXATE SODIUM/PF,O
55390003210,METHOTREXATE SODIUM/PF,O
55390003310,METHOTREXATE SODIUM/PF,O
55390003410,METHOTREXATE SODIUM/PF,O
55390005110,LEUCOVORIN CALCIUM,O
55390005210,LEUCOVORIN CALCIUM,O
55390005301,LEUCOVORIN CALCIUM,O
55390005401,LEUCOVORIN CALCIUM,O
55390006002,DEXRAZOXANE,O
55390006901,VINORELBINE TARTRATE,O
55390007001,VINORELBINE TARTRATE,O
55390008301,MITOXANTRONE HCL,O
55390008401,MITOXANTRONE HCL,O
55390008501,MITOXANTRONE HCL,O
55390009010,DACARBAZINE,O
55390009110,VINBLASTINE SULFATE,O
55390009901,CISPLATIN,O
55390010601,"ALLOPURINOL SODIUM (S.D.V.,PF) 500 MG",O
55390010801,DAUNORUBICIN HCL,A
55390010810,DAUNORUBICIN HCL,A
55390011250,CISPLATIN,O
55390011299,CISPLATIN,O
55390011405,"PACLITAXEL,SEMI-SYNTHETIC",O
55390011420,"PACLITAXEL,SEMI-SYNTHETIC",O
55390011450,"PACLITAXEL,SEMI-SYNTHETIC",O
55390011501,CLADRIBINE,O
55390012401,CLADRIBINE,O
55390013110,CYTARABINE,O
55390013210,CYTARABINE,O
55390013301,CYTARABINE,O
55390013401,CYTARABINE,O
55390013501,FLOXURIDINE,O
55390014210,DAUNORUBICIN HCL,A
55390014301,METHOTREXATE SODIUM/PF,O
55390015001,CARBOPLATIN,O
55390015101,CARBOPLATIN,O
55390015201,CARBOPLATIN,O
55390015301,CARBOPLATIN,O
55390015401,CARBOPLATIN,O
55390015501,CARBOPLATIN,O
55390015601,CARBOPLATIN,O
55390018701,CISPLATIN,O
55390020701,EPIRUBICIN HCL,A
55390020801,EPIRUBICIN HCL,A
55390021501,IDARUBICIN HCL,A
55390021601,IDARUBICIN HCL,A
55390021701,IDARUBICIN HCL,A
55390022001,CARBOPLATIN,O
55390022101,CARBOPLATIN,O
55390022201,CARBOPLATIN,O
55390023110,DOXORUBICIN HCL,A
55390023210,DOXORUBICIN HCL,A
55390023301,DOXORUBICIN HCL,A
55390023510,DOXORUBICIN HCL,A
55390023610,DOXORUBICIN HCL,A
55390023701,DOXORUBICIN HCL,A
55390023801,DOXORUBICIN HCL,A
55390024110,DOXORUBICIN HCL,A
55390024210,DOXORUBICIN HCL,A
55390024301,DOXORUBICIN HCL,A
55390024401,PENTOSTATIN,O
55390024510,DOXORUBICIN HCL,A
55390024610,DOXORUBICIN HCL,A
55390024701,DOXORUBICIN HCL,A
55390024801,DOXORUBICIN HCL,A
55390025101,MITOMYCIN,O
55390025201,MITOMYCIN,O
55390025301,MITOMYCIN,O
55390026701,VINORELBINE TARTRATE,O
55390026801,VINORELBINE TARTRATE,O
55390028110,DAUNORUBICIN HCL,A
55390029101,ETOPOSIDE,O
55390029201,ETOPOSIDE,O
55390029301,ETOPOSIDE,O
55390030405,"PACLITAXEL,SEMI-SYNTHETIC",O
55390030420,"PACLITAXEL,SEMI-SYNTHETIC",O
55390030450,"PACLITAXEL,SEMI-SYNTHETIC",O
55390031405,"PACLITAXEL,SEMI-SYNTHETIC",O
55390031420,"PACLITAXEL,SEMI-SYNTHETIC",O
55390031450,"PACLITAXEL,SEMI-SYNTHETIC",O
55390033910,DACARBAZINE,O
55390041450,CISPLATIN,O
55390041499,CISPLATIN,O
55390043501,FLOXURIDINE,O
55390045101,MITOMYCIN,O
55390045201,MITOMYCIN,O
55390045301,MITOMYCIN,O
55390049101,ETOPOSIDE,O
55390049201,ETOPOSIDE,O
55390049301,ETOPOSIDE,O
55390051405,"PACLITAXEL,SEMI-SYNTHETIC",O
55390051420,"PACLITAXEL,SEMI-SYNTHETIC",O
55390051450,"PACLITAXEL,SEMI-SYNTHETIC",O
55390051505,LEUPROLIDE ACETATE,R
55390080510,DAUNORUBICIN HCL,A
55390080610,CYTARABINE,O
55390080710,CYTARABINE,O
55390080801,CYTARABINE,O
55390080901,CYTARABINE,O
55390081810,LEUCOVORIN CALCIUM,O
55390082401,LEUCOVORIN CALCIUM,O
55390082501,LEUCOVORIN CALCIUM,O
55390082601,LEUCOVORIN CALCIUM,O
55513055401,"INFERGEN (9MCG,S.D.V.,PF) 30 MCG/ML",I
55513055406,"INFERGEN (6X9MCG,S.D.V.,PF) 30 MCG/ML",I
55513056201,"INFERGEN (15 MCG,S.D.V.,PF) 30 MCG/ML",I
55513056206,"INFERGEN (6X15MCG,S.D.V.,PF) 30 MCG/ML",I
55513095401,PANITUMUMAB,O
55513095501,PANITUMUMAB,O
55513095601,PANITUMUMAB,O
55566830101,DEGARELIX ACETATE,R
55566840101,DEGARELIX ACETATE,R
55592050001,VANTAS 50 MG,R
55953082740,KETOCONAZOLE,R
56146030100,DAUNORUBICIN CITRATE LIPOSOMAL,A
56146030101,DAUNORUBICIN CITRATE LIPOSOMAL,A
56146030104,DAUNORUBICIN CITRATE LIPOSOMAL,A
57665000202,PEGASPARGASE,O
57665033101,CYTARABINE LIPOSOME,O
57844052206,MERCAPTOPURINE,O
57844052207,MERCAPTOPURINE,O
57844052252,MERCAPTOPURINE,O
57866443601,HYDROXYUREA,O
57866482201,MEGESTROL ACETATE,R
57866661501,TAMOXIFEN CITRATE,R
57866661801,TAMOXIFEN CITRATE,R
57884052207,PURINETHOL 50 MG,O
58016017000,FLUTAMIDE,R
58016017030,FLUTAMIDE,R
58016017060,FLUTAMIDE,R
58016017090,FLUTAMIDE,R
58016017099,FLUTAMIDE,R
58016065760,TAMOXIFEN CITRATE,R
58063000170,ALTRETAMINE,O
58063010001,CARMUSTINE/POLIFEPROSAN 20,O
58063060050,DECITABINE,O
58063097909,HYDROXYUREA,O
58178000170,ALTRETAMINE,O
58178001701,AMIFOSTINE CRYSTALLINE,O
58178001703,AMIFOSTINE CRYSTALLINE,O
58406050101,HYDROXYUREA,O
58406051101,DOXORUBICIN HCL,A
58406051201,DOXORUBICIN HCL,A
58406051301,DOXORUBICIN HCL,A
58406062105,LEUCOVORIN CALCIUM,O
58406062137,LEUCOVORIN CALCIUM,O
58406062206,LEUCOVORIN CALCIUM,O
58406062235,LEUCOVORIN CALCIUM,O
58406062307,LEUCOVORIN CALCIUM,O
58406062333,LEUCOVORIN CALCIUM,O
58406062462,LEUCOVORIN CALCIUM,O
58406062467,LEUCOVORIN CALCIUM,O
58406062668,LEUCOVORIN CALCIUM,O
58406062674,LEUCOVORIN CALCIUM,O
58406064003,MITOXANTRONE HCL,O
58406064005,MITOXANTRONE HCL,O
58406064007,MITOXANTRONE HCL,O
58406066102,THIOTEPA,O
58406066131,THIOTEPA,O
58406066201,THIOTEPA,O
58406066236,THIOTEPA,O
58406067101,METHOTREXATE SODIUM/PF,O
58406067105,METHOTREXATE SODIUM/PF,O
58406067301,METHOTREXATE SODIUM/PF,O
58406068114,METHOTREXATE SODIUM,O
58406068117,METHOTREXATE SODIUM,O
58406068312,METHOTREXATE SODIUM/PF,O
58406068315,METHOTREXATE SODIUM/PF,O
58406068316,METHOTREXATE SODIUM/PF,O
58406068318,METHOTREXATE SODIUM/PF,O
58406071112,ETOPOSIDE,O
58406071418,ETOPOSIDE,O
58468010001,CLOFARABINE,O
58468010002,CLOFARABINE,O
58469399830,METHOTREXATE SODIUM,O
58469482130,MEGESTROL ACETATE,R
58469482230,MEGESTROL ACETATE,R
59075073015,NATALIZUMAB 300 MG/15 ML IV SOLN,O
59572010511,THALIDOMIDE,O
59572010512,THALIDOMIDE,O
59572010513,THALIDOMIDE,O
59572010592,THALIDOMIDE,O
59572010593,THALIDOMIDE,O
59572020514,THALIDOMIDE,O
59572020594,THALIDOMIDE,O
59572021015,THALIDOMIDE,O
59572021095,THALIDOMIDE,O
59572021513,THALIDOMIDE,O
59572021593,THALIDOMIDE,O
59572022016,THALIDOMIDE,O
59572022096,THALIDOMIDE,O
59572030101,MELPHALAN HCL,O
59572030250,MELPHALAN,O
59572040500,LENALIDOMIDE,I
59572040530,LENALIDOMIDE,I
59572041000,LENALIDOMIDE,I
59572041030,LENALIDOMIDE,I
59572041500,LENALIDOMIDE,I
59572041521,LENALIDOMIDE,I
59572042500,LENALIDOMIDE,I
59572042525,LENALIDOMIDE,I
59676020101,CLADRIBINE,O
59730560101,"ALOPRIM (S.D.V.,PF) 500 MG",O
59762257601,IDARUBICIN HCL,A
59762258601,IDARUBICIN HCL,A
59762259601,IDARUBICIN HCL,A
59762374001,MEDROXYPROGESTERONE ACET,R
59762374004,MEDROXYPROGESTERONE ACET,R
59762374005,MEDROXYPROGESTERONE ACET,R
59762374101,MEDROXYPROGESTERONE ACET,R
59762374104,MEDROXYPROGESTERONE ACET,R
59762374202,MEDROXYPROGESTERONE ACET,R
59762374208,MEDROXYPROGESTERONE ACET,R
59762453701,MEDROXYPROGESTERONE ACET,R
59762453702,MEDROXYPROGESTERONE ACET,R
59762453801,MEDROXYPROGESTERONE ACET,R
59762509101,EPIRUBICIN HCL,A
59762509301,EPIRUBICIN HCL,A
59762752901,IRINOTECAN HCL,O
59762752902,IRINOTECAN HCL,O
59911587401,METHOTREXATE SODIUM,O
59911595801,VINORELBINE TARTRATE,O
59911595901,VINORELBINE TARTRATE,O
60346004832,TAMOXIFEN CITRATE,R
60432012608,MEGESTROL ACETATE,R
60432012616,MEGESTROL ACETATE,R
60505009200,KETOCONAZOLE,R
60505036801,MEGESTROL ACETATE,R
60553011110,ARSENIC TRIOXIDE,O
60831308601,VINORELBINE TARTRATE,O
60831308602,VINORELBINE TARTRATE,O
61379010001,CARMUSTINE/POLIFEPROSAN 20,O
61471029512,DOXORUBICIN HCL LIPOSOMAL,A
61703030346,CYTARABINE,O
61703030350,CYTARABINE,O
61703030425,CYTARABINE,O
61703030436,CYTARABINE,O
61703030509,CYTARABINE,O
61703030538,CYTARABINE,O
61703030650,MITOMYCIN,O
61703030906,VINCRISTINE SULFATE,O
61703030916,VINCRISTINE SULFATE,O
61703031018,VINBLASTINE SULFATE,O
61703031922,CYTARABINE,O
61703032322,BLEOMYCIN SULFATE,O
61703032722,DACARBAZINE,O
61703033109,FLOXURIDINE,O
61703033218,BLEOMYCIN SULFATE,O
61703033918,CARBOPLATIN,O
61703033922,CARBOPLATIN,O
61703033950,CARBOPLATIN,O
61703033956,CARBOPLATIN,O
61703034106,VINORELBINE TARTRATE,O
61703034109,VINORELBINE TARTRATE,O
61703034209,"PACLITAXEL,SEMI-SYNTHETIC",O
61703034222,"PACLITAXEL,SEMI-SYNTHETIC",O
61703034250,"PACLITAXEL,SEMI-SYNTHETIC",O
61703034318,MITOXANTRONE HCL,O
61703034365,MITOXANTRONE HCL,O
61703034366,MITOXANTRONE HCL,O
61703034735,EPIRUBICIN HCL,A
61703034859,EPIRUBICIN HCL,A
61703034909,IRINOTECAN HCL,O
61703034916,IRINOTECAN HCL,O
61703034936,IRINOTECAN HCL,O
61703035038,METHOTREXATE SODIUM,O
61703035901,EPIRUBICIN HCL,A
61703035902,EPIRUBICIN HCL,A
61703035959,EPIRUBICIN HCL,A
61703035991,EPIRUBICIN HCL,A
61703035992,EPIRUBICIN HCL,A
61703035993,EPIRUBICIN HCL,A
61703036018,CARBOPLATIN,O
61703036022,CARBOPLATIN,O
61703036050,CARBOPLATIN,O
61703036318,OXALIPLATIN-D5W IVPB,O
61703040707,METHOTREXATE SODIUM,O
61703040732,METHOTREXATE SODIUM,O
61703040804,METHOTREXATE SODIUM/PF,O
61703040807,METHOTREXATE SODIUM/PF,O
61703040813,METHOTREXATE SODIUM/PF,O
61703040822,METHOTREXATE SODIUM,O
61703040832,METHOTREXATE SODIUM/PF,O
61703040841,METHOTREXATE SODIUM,O
61703040858,METHOTREXATE SODIUM,O
61703040932,FLUOROURACIL,O
61703040953,FLUOROURACIL,O
61703040967,FLUOROURACIL,O
61703041050,LEUCOVORIN CALCIUM,O
61958030101,DAUNORUBICIN CITRATE LIPOSOMAL,A
62161000538,BUSULFAN,O
62584076601,LEUCOVORIN CALCIUM,O
62584076701,LEUCOVORIN CALCIUM,O
62584077701,MEGESTROL ACETATE,R
62584077901,MEGESTROL ACETATE,R
62584077933,MEGESTROL ACETATE,R
62584078201,METHOTREXATE SODIUM,O
62701001001,MITOMYCIN (VIAL) 5 MG,O
62701001101,MITOMYCIN (VIAL) 20 MG,O
62701080001,PENTOSTATIN,O
62701090030,LEUCOVORIN CALCIUM,O
62701090099,LEUCOVORIN CALCIUM,O
62701090125,LEUCOVORIN CALCIUM,O
62701092099,MEGESTROL ACETATE,R
62701092151,MEGESTROL ACETATE,R
62701092152,MEGESTROL ACETATE,R
62701092199,MEGESTROL ACETATE,R
62701094036,METHOTREXATE SODIUM,O
62701094099,METHOTREXATE SODIUM,O
62756058140,AMIFOSTINE CRYSTALLINE,O
62756058142,AMIFOSTINE CRYSTALLINE,O
62856060210,BEXAROTENE,O
62856060301,DENILEUKIN DIFTITOX,I
62856060422,BEXAROTENE,O
62991109101,LEVAMISOLE HCL,I
62991109102,LEVAMISOLE HCL,I
62991109104,LEVAMISOLE HCL,I
62991109105,LEVAMISOLE HCL,I
62991120001,METHOTREXATE,O
62991120002,METHOTREXATE,O
62991148601,FLUOROURACIL (U.S.P.),O
62991148602,FLUOROURACIL,O
62991148603,FLUOROURACIL (U.S.P.),O
62991154501,MITOMYCIN,O
62991154502,MITOMYCIN,O
62991154503,MITOMYCIN,O
63020004901,BORTEZOMIB,O
63275995605,MITOTANE,R
63275995608,MITOTANE,R
63275995609,MITOTANE,R
63275997504,"MEGESTROL ACETATE,MICRONIZED",R
63275997505,"MEGESTROL ACETATE,MICRONIZED",R
63275997509,"MEGESTROL ACETATE,MICRONIZED",R
63304060028,TAMOXIFEN CITRATE,R
63304060060,TAMOXIFEN CITRATE,R
63304060130,TAMOXIFEN CITRATE,R
63304060190,TAMOXIFEN CITRATE,R
63323010161,DOXORUBICIN HCL,A
63323010351,CISPLATIN,O
63323010364,CISPLATIN,O
63323010365,CISPLATIN,O
63323010391,CISPLATIN,O
63323010395,CISPLATIN,O
63323010405,ETOPOSIDE,O
63323010425,ETOPOSIDE,O
63323010450,ETOPOSIDE,O
63323010465,ETOPOSIDE,O
63323011710,FLUOROURACIL,O
63323011720,FLUOROURACIL,O
63323011751,FLUOROURACIL,O
63323011761,FLUOROURACIL,O
63323011908,DAUNORUBICIN HCL,A
63323012020,CYTARABINE,O
63323012102,METHOTREXATE SODIUM/PF,O
63323012104,METHOTREXATE SODIUM/PF,O
63323012108,METHOTREXATE SODIUM/PF,O
63323012110,METHOTREXATE SODIUM/PF,O
63323012140,METHOTREXATE SODIUM/PF,O
63323012250,METHOTREXATE SODIUM/PF,O
63323012302,METHOTREXATE SODIUM,O
63323012310,METHOTREXATE SODIUM,O
63323012404,DAUNORUBICIN HCL,A
63323012710,DACARBAZINE,O
63323012812,DACARBAZINE,O
63323012820,DACARBAZINE,O
63323013210,MITOXANTRONE HCL,O
63323013212,MITOXANTRONE HCL,O
63323013215,MITOXANTRONE HCL,O
63323014010,CLADRIBINE,O
63323014210,IFOSFAMIDE,O
63323014212,IFOSFAMIDE,O
63323014507,FLOXURIDINE,O
63323014801,VINORELBINE TARTRATE,O
63323014805,VINORELBINE TARTRATE,O
63323015100,EPIRUBICIN HCL,A
63323015105,EPIRUBICIN HCL,A
63323015125,EPIRUBICIN HCL,A
63323015175,EPIRUBICIN HCL,A
63323016501,DEXAMETHASONE IVPB,O
63323016610,CARBOPLATIN,O
63323016720,CARBOPLATIN,O
63323016721,CARBOPLATIN,O
63323016800,CARBOPLATIN,O
63323016905,CARBOPLATIN,O
63323016915,CARBOPLATIN,O
63323016945,CARBOPLATIN,O
63323017245,CARBOPLATIN,O
63323017260,CARBOPLATIN,O
63323019002,FLUDARABINE PHOSPHATE,O
63323019020,MITOMYCIN,O
63323019120,MITOMYCIN,O
63323019140,MITOMYCIN,O
63323019302,IRINOTECAN HCL,O
63323019305,IRINOTECAN HCL,O
63323019606,FLUDARABINE PHOSPHATE,O
63323027810,VINBLASTINE SULFATE,O
63323071050,LEUCOVORIN CALCIUM,O
63323071100,LEUCOVORIN CALCIUM,O
63323073310,MESNA  IVPB,O
63323088305,DOXORUBICIN HCL,A
63323088310,DOXORUBICIN HCL,A
63323088330,DOXORUBICIN HCL,A
63370009515,FLUOROURACIL,O
63370009525,FLUOROURACIL,O
63370009535,FLUOROURACIL,O
63370015410,METHOTREXATE,O
63370015415,METHOTREXATE,O
63370015425,METHOTREXATE,O
63459039120,BENDAMUSTINE HCL,O
63459060010,ARSENIC TRIOXIDE,O
63629126201,AROMASIN 25 MG,O
63739016401,MEGESTROL ACETATE,R
63739016501,MEGESTROL ACETATE,R
63739016503,MEGESTROL ACETATE,R
63739016510,MEGESTROL ACETATE,R
63739016515,MEGESTROL ACETATE,R
63739026910,TAMOXIFEN CITRATE,R
63739026915,TAMOXIFEN CITRATE,R
64067021601,METHOXSALEN,O
64116001101,ACTIMMUNE (VIAL) 2 Million IU/0.5 ML,I
64116001112,ACTIMMUNE (VIAL) 2 Million IU/0.5 ML,I
64116003101,"INFERGEN (15MCG,PF,SINGLEJECT) 30 MCG/ML",I
64116003106,"INFERGEN (PF,SINGLEJECT) 30 MCG/ML",I
64116003124,"INFERGEN (PF,SINGLEJECT) 30 MCG/ML",I
64116003901,"INFERGEN (9MCG,S.D.V.,PF) 30 MCG/ML",I
64116003906,"INFERGEN (6X9MCG,S.D.V.,PF) 30 MCG/ML",I
64116003924,"INFERGEN (24X9MCG,S.D.V.,PF) 30 MCG/ML",I
64365050201,BEXAROTENE,O
64365050202,BEXAROTENE,O
64365050301,DENILEUKIN DIFTITOX,I
64365050401,BEXAROTENE,O
64370053201,"NAVELBINE (1X1ML,SINGLE USE,PF) 10 MG/ML",O
64370053202,"NAVELBINE (1X5ML,SINGLE USE,PF) 10 MG/ML",O
64370308601,VINORELBINE TARTRATE,O
64370308602,VINORELBINE TARTRATE,O
64406010303,KIT FOR Y-90/IBRITUMOMAB/ALBMN,O
64406010404,KIT FOR I-111/IBRITUMOMAB/ALBM,O
64523010001,OAKLIDE 5 MG/ML,R
66105083201,NOLVADEX 10 MG,O
66105083203,NOLVADEX 10 MG,O
66105083206,NOLVADEX 10 MG,O
66105083209,NOLVADEX 10 MG,O
66105083210,NOLVADEX 10 MG,O
66116021230,BICALUTAMIDE,R
66479013501,METHOTREXATE SODIUM,O
66479013509,METHOTREXATE SODIUM,O
66479013611,METHOTREXATE SODIUM/PF,O
66479013613,METHOTREXATE SODIUM/PF,O
66479013619,METHOTREXATE SODIUM/PF,O
66479013721,METHOTREXATE SODIUM/PF,O
66479013929,METHOTREXATE SODIUM/PF,O
66479024725,LEUCOVORIN CALCIUM,O
66733094823,CETUXIMAB,O
66733095823,CETUXIMAB,O
66758004002,METHOTREXATE,O
66758004301,"PACLITAXEL,SEMI-SYNTHETIC",O
66758004302,"PACLITAXEL,SEMI-SYNTHETIC",O
66758004303,"PACLITAXEL,SEMI-SYNTHETIC",O
66758004501,VINORELBINE TARTRATE,O
66758004502,VINORELBINE TARTRATE,O
66758004601,FLUDARABINE PHOSPHATE,O
66860010001,CARBOPLATIN,O
66860010101,CARBOPLATIN,O
66860010201,CARBOPLATIN,O
67108356509,MESNA,O
67211010201,AZACITIDINE,O
67253032010,METHOTREXATE SODIUM,O
67253058042,METHOTREXATE SODIUM,O
67253058043,METHOTREXATE SODIUM,O
67253058044,METHOTREXATE SODIUM,O
67253058045,METHOTREXATE SODIUM,O
67253058046,METHOTREXATE SODIUM,O
67286005308,BUSULFAN,O
67286005408,BUSULFAN,O
67386041151,ASPARAGINASE,O
67386081155,DACTINOMYCIN,O
67386091151,MECHLORETHAMINE HCL,O
67800010131,TOSITUMOMAB,O
67800010132,TOSITUMOMAB,O
67800011110,TOSITUMOMAB IODINE-131,O
67800012110,TOSITUMOMAB IODINE-131,O
67817006112,CARBOPLATIN,O
67817006312,CARBOPLATIN,O
67817006612,CARBOPLATIN,O
67817006712,CARBOPLATIN,O
67979000101,VALRUBICIN,O
67979000102,VALRUBICIN,O
67979000201,SUPPRELIN LA 50 MG,R
67979050001,VANTAS 50 MG,O
68094051859,"MEGESTROL ACETATE (1X20ML,LEMON-LIME) 40 MG/ML",R
68094051861,MEGESTROL ACETATE,R
68094051862,MEGESTROL ACETATE,R
68094052859,MEGESTROL ACETATE,R
68094052861,MEGESTROL ACETATE,R
68094052862,MEGESTROL ACETATE,R
68115063200,METHOTREXATE SODIUM,O
68152010100,LEVOLEUCOVORIN CALCIUM,O
68158014951,ABARELIX,R
68258902801,IMATINIB MESYLATE,O
68258903501,ANASTROZOLE,R
68258903601,CAPECITABINE,O
68258904001,HYDROXYUREA,O
68258910301,MERCAPTOPURINE,O
68682000431,FLUOROURACIL,O
68682008531,FLUOROURACIL,O
68817013450,PACLITAXEL PROTEIN-BOUND,O
88888004900,KETOCONAZOLE,R
99999015245,CETUXIMAB IVPB,O
99999015436,BORTEZOMIB 1 MG/ML IN NS IV SYRINGE,O
99999085008,KETOCONAZOLE,R
99999085079,KETOCONAZOLE,R
99999090110,STUDY NSABP B-40: GEMCITABINE,O
99999090128,STUDY N0147: CETUXIMAB,O
99999090148,"STUDY E5103 ARM A, B AND C: BEVACIZUMAB OR PLACEB",O
99999090151,STUDY E5103 ARM D: BEVACIZUMAB,O
99999090174,STUDY B-44: BEVACIZUMAB,O
99999090210,STUDY B-41: LAPATINIB 250 MG ORAL TAB,O
0009766304,EXEMESTANE,R
0078024915,LETROZOLE,R
0310020130,ANASTROZOLE,R
35356027030,ANASTROZOLE,R
35356040930,LETROZOLE,R
00179129901,TAMOXIFEN CITRATE,R
00179129970,TAMOXIFEN CITRATE,R
00591223218,TAMOXIFEN CITRATE,R
00591223260,TAMOXIFEN CITRATE,R
00591223319,TAMOXIFEN CITRATE,R
00591223330,TAMOXIFEN CITRATE,R
0172565649,TAMOXIFEN CITRATE,R
0172565680,TAMOXIFEN CITRATE,R
0310060060,TAMOXIFEN CITRATE,R
22222000100,TAMOXIFEN CITRATE,R
22222000200,TAMOXIFEN CITRATE,R
22222000300,TAMOXIFEN CITRATE,R
22222000400,TAMOXIFEN CITRATE,R
22222000500,TAMOXIFEN CITRATE,R
22222000600,TAMOXIFEN CITRATE,R
22222000700,TAMOXIFEN CITRATE,R
22222000800,TAMOXIFEN CITRATE,R
22222000900,TAMOXIFEN CITRATE,R
22222001000,TAMOXIFEN CITRATE,R
22222001100,TAMOXIFEN CITRATE,R
38779034104,TAMOXIFEN CITRATE,R
38779034108,TAMOXIFEN CITRATE,R
